,Deaths,Gender,Population,State,Year,DeathRate
0,155,Female,2293259,Alabama,1999,6.758940006340321
1,133,Female,2300596,Alabama,2000,5.781110633940075
2,128,Female,2309496,Alabama,2001,5.542334777804335
3,112,Female,2314370,Alabama,2002,4.839329925638511
4,131,Female,2324069,Alabama,2003,5.6366656927999985
5,115,Female,2337857,Alabama,2004,4.919034825483338
6,120,Female,2356423,Alabama,2005,5.092464298642476
7,120,Female,2385480,Alabama,2006,5.030434126465114
8,142,Female,2407275,Alabama,2007,5.898785971689981
9,131,Female,2430257,Alabama,2008,5.3903764087501855
10,149,Female,2448159,Alabama,2009,6.086206002142835
11,126,Female,2459548,Alabama,2010,5.12289249894696
12,135,Female,2473249,Alabama,2011,5.458407139758269
13,131,Female,2483466,Alabama,2012,5.274885985956724
14,137,Female,2488375,Alabama,2013,5.505601044858592
15,137,Female,2499410,Alabama,2014,5.481293585286127
16,163,Female,2505795,Alabama,2015,6.504921591750323
17,174,Female,2507714,Alabama,2016,6.938590285814093
18,624,Male,2136882,Alabama,1999,29.20142525417875
19,622,Male,2146504,Alabama,2000,28.977351078777396
20,602,Male,2158138,Alabama,2001,27.89441639042545
21,606,Male,2165719,Alabama,2002,27.981469433476825
22,628,Male,2179422,Alabama,2003,28.814979384442296
23,553,Male,2192872,Alabama,2004,25.218070183759018
24,605,Male,2213382,Alabama,2005,27.333736336520314
25,650,Male,2243501,Alabama,2006,28.972574560920634
26,656,Male,2265565,Alabama,2007,28.955249573505945
27,674,Male,2287949,Alabama,2008,29.458698598613864
28,675,Male,2309779,Alabama,2009,29.223575069303166
29,646,Male,2320188,Alabama,2010,27.842571377836624
30,634,Male,2329491,Alabama,2011,27.21624595244197
31,689,Male,2338557,Alabama,2012,29.46261305582887
32,709,Male,2345347,Alabama,2013,30.23006830119381
33,663,Male,2349967,Alabama,2014,28.21316214227689
34,776,Male,2353184,Alabama,2015,32.97659681520867
35,851,Male,2355586,Alabama,2016,36.12689156753351
36,16,Female,301266,Alaska,1999,5.310921245676578
37,16,Female,302820,Alaska,2000,5.283666864804174
38,14,Female,305579,Alaska,2001,4.581466658376393
39,33,Female,309633,Alaska,2002,10.657778725135886
40,18,Female,313034,Alaska,2003,5.750174102493658
41,14,Female,317807,Alaska,2004,4.405189313010727
42,18,Female,320920,Alaska,2005,5.608874485853172
43,14,Female,325121,Alaska,2006,4.306089117590067
44,11,Female,327138,Alaska,2007,3.3624953383587357
45,17,Female,329412,Alaska,2008,5.160710599492429
46,15,Female,337002,Alaska,2009,4.451012160165222
47,27,Female,340603,Alaska,2010,7.927117494561116
48,22,Female,347526,Alaska,2011,6.330461605750361
49,15,Female,350211,Alaska,2012,4.283132168892467
50,23,Female,349564,Alaska,2013,6.579624904166333
51,20,Female,349436,Alaska,2014,5.723508739797846
52,34,Female,349407,Alaska,2015,9.730772422990952
53,34,Female,353762,Alaska,2016,9.610981394270725
54,69,Male,323513,Alaska,1999,21.328354656536213
55,98,Male,324112,Alaska,2000,30.2364614701091
56,77,Male,328135,Alaska,2001,23.465951513858627
57,86,Male,332704,Alaska,2002,25.848802539193997
58,96,Male,335380,Alaska,2003,28.62424712266683
59,100,Male,341479,Alaska,2004,29.284377663048094
60,95,Male,346026,Alaska,2005,27.45458433759313
61,97,Male,350181,Alaska,2006,27.699960877374842
62,108,Male,353162,Alaska,2007,30.58086657114865
63,119,Male,358043,Alaska,2008,33.236231402373456
64,81,Male,361893,Alaska,2009,22.382306372325523
65,112,Male,369628,Alaska,2010,30.300734792818723
66,97,Male,375192,Alaska,2011,25.85342971065481
67,106,Male,381238,Alaska,2012,27.80415383566171
68,118,Male,385568,Alaska,2013,30.604199518632253
69,119,Male,387296,Alaska,2014,30.725853094274147
70,136,Male,389025,Alaska,2015,34.95919285392969
71,129,Male,388132,Alaska,2016,33.236115548318615
72,131,Female,2518299,Arizona,1999,5.2019239971107485
73,109,Female,2569575,Arizona,2000,4.241946625414709
74,117,Female,2641676,Arizona,2001,4.429006433794303
75,132,Female,2704217,Arizona,2002,4.881265075990573
76,121,Female,2764077,Arizona,2003,4.3775915070383355
77,108,Female,2835606,Arizona,2004,3.808709672641404
78,108,Female,2930811,Arizona,2005,3.6849868517621918
79,139,Female,3026134,Arizona,2006,4.5933193969599495
80,112,Female,3096998,Arizona,2007,3.616405306041528
81,149,Female,3155278,Arizona,2008,4.722246344062235
82,157,Female,3189908,Arizona,2009,4.92177203856663
83,130,Female,3216194,Arizona,2010,4.042044727401394
84,128,Female,3258634,Arizona,2011,3.9280262834058686
85,151,Female,3294772,Arizona,2012,4.583018187601448
86,143,Female,3331505,Arizona,2013,4.2923543563644655
87,153,Female,3387637,Arizona,2014,4.516422509259404
88,165,Female,3436575,Arizona,2015,4.801291984024792
89,180,Female,3488176,Arizona,2016,5.160290077106201
90,665,Male,2505524,Arizona,1999,26.541354223707295
91,668,Male,2561057,Arizona,2000,26.0829805818457
92,699,Male,2631801,Arizona,2001,26.55975888754507
93,807,Male,2692038,Arizona,2002,29.977288582107683
94,701,Male,2746287,Arizona,2003,25.52537298541631
95,757,Male,2816798,Arizona,2004,26.874486562401703
96,798,Male,2908266,Arizona,2005,27.439030680137236
97,820,Male,3003007,Arizona,2006,27.305963655762376
98,808,Male,3070683,Arizona,2007,26.3133641603513
99,735,Male,3125084,Arizona,2008,23.51936779939355
100,683,Male,3153246,Arizona,2009,21.660219342227027
101,773,Male,3175823,Arizona,2010,24.34014742005458
102,812,Male,3223871,Arizona,2011,25.18711201533808
103,771,Male,3258483,Arizona,2012,23.661317244865174
104,770,Male,3295119,Arizona,2013,23.367896576724544
105,750,Male,3343847,Arizona,2014,22.429255884016225
106,781,Male,3391490,Arizona,2015,23.028226531701403
107,886,Male,3442895,Arizona,2016,25.734156865080116
108,61,Female,1359445,Arkansas,1999,4.487125260676232
109,68,Female,1368707,Arkansas,2000,4.968192608060016
110,65,Female,1376845,Arkansas,2001,4.720938086712739
111,63,Female,1383239,Arkansas,2002,4.554527453317901
112,52,Female,1391523,Arkansas,2003,3.73691272081022
113,57,Female,1403048,Arkansas,2004,4.062583746243892
114,86,Female,1418295,Arkansas,2005,6.063618640691817
115,52,Female,1438428,Arkansas,2006,3.615057548935366
116,68,Female,1451358,Arkansas,2007,4.685267177360789
117,71,Female,1464220,Arkansas,2008,4.848998101378208
118,60,Female,1475013,Arkansas,2009,4.0677607587187365
119,65,Female,1484281,Arkansas,2010,4.379224688586595
120,75,Female,1495200,Arkansas,2011,5.016051364365971
121,70,Female,1500641,Arkansas,2012,4.664673296278057
122,73,Female,1505782,Arkansas,2013,4.84797932237203
123,91,Female,1509053,Arkansas,2014,6.030271965265634
124,100,Female,1515348,Arkansas,2015,6.599144222977164
125,100,Female,1520375,Arkansas,2016,6.57732467318918
126,315,Male,1292415,Arkansas,1999,24.372976172514246
127,335,Male,1304693,Arkansas,2000,25.676538465370783
128,338,Male,1314726,Arkansas,2001,25.708778863428577
129,362,Male,1322688,Arkansas,2002,27.368510185319593
130,347,Male,1333293,Arkansas,2003,26.025787280065224
131,332,Male,1346638,Arkansas,2004,24.65399015919646
132,344,Male,1362802,Arkansas,2005,25.242111473273447
133,362,Male,1383333,Arkansas,2006,26.168681004501448
134,350,Male,1397292,Arkansas,2007,25.048450860664772
135,366,Male,1410334,Arkansas,2008,25.9512994794141
136,396,Male,1421830,Arkansas,2009,27.85143090242856
137,347,Male,1431637,Arkansas,2010,24.237987702189873
138,380,Male,1442779,Arkansas,2011,26.338060090977205
139,413,Male,1448490,Arkansas,2012,28.51245089714116
140,416,Male,1453591,Arkansas,2013,28.61877928523223
141,400,Male,1457316,Arkansas,2014,27.447718957316052
142,414,Male,1462856,Arkansas,2015,28.300803360002625
143,424,Male,1467873,Arkansas,2016,28.885332722926304
144,396,Female,16800161,California,1999,2.357120268073621
145,391,Female,16996756,California,2000,2.3004389778849563
146,386,Female,17294223,California,2001,2.2319591923846476
147,401,Female,17498462,California,2002,2.291629972965624
148,368,Female,17709509,California,2003,2.0779796887649455
149,358,Female,17871415,California,2004,2.0031989632606035
150,348,Female,17996230,California,2005,1.9337383440865112
151,362,Female,18097471,California,2006,2.000279486564725
152,375,Female,18214926,California,2007,2.0587511582534015
153,347,Female,18396972,California,2008,1.886179964833343
154,328,Female,18583075,California,2009,1.7650469580518833
155,352,Female,18736126,California,2010,1.8787234885162494
156,358,Female,18943585,California,2011,1.8898218051123905
157,342,Female,19122866,California,2012,1.7884348507174603
158,351,Female,19268325,California,2013,1.8216425143337578
159,335,Female,19533596,California,2014,1.7149940031523128
160,331,Female,19701750,California,2015,1.6800538023272045
161,358,Female,19756656,California,2016,1.8120475448881632
162,2563,Male,16699043,California,1999,15.34818492293241
163,2645,Male,16874892,California,2000,15.674174388790162
164,2750,Male,17185235,California,2001,16.002108786990693
165,2943,Male,17373381,California,2002,16.93970793595098
166,2987,Male,17543650,California,2003,17.02610346193637
167,2866,Male,17703161,California,2004,16.189199205723767
168,3005,Male,17831713,California,2005,16.85199845914972
169,2908,Male,17923731,California,2006,16.22430062133827
170,2791,Male,18035385,California,2007,15.475134021258762
171,2737,Male,18207365,California,2008,15.032378380946392
172,2682,Male,18378154,California,2009,14.593413462527302
173,2506,Male,18517830,California,2010,13.532903153339241
174,2546,Male,18748327,California,2011,13.579878353945928
175,2599,Male,18918564,California,2012,13.737829150246286
176,2567,Male,19064196,California,2013,13.465031517720442
177,2503,Male,19268904,California,2014,12.989841041296382
178,2653,Male,19443068,California,2015,13.644965907643792
179,2740,Male,19493361,California,2016,14.056067601682438
180,72,Female,2101358,Colorado,1999,3.426355718540106
181,75,Female,2135278,Colorado,2000,3.512423206720624
182,77,Female,2195705,Colorado,2001,3.5068463204301126
183,78,Female,2228665,Colorado,2002,3.499853051041767
184,70,Female,2253214,Colorado,2003,3.1066734007511045
185,81,Female,2274511,Colorado,2004,3.561205023849082
186,72,Female,2308238,Colorado,2005,3.1192623984181873
187,87,Female,2352960,Colorado,2006,3.6974704202366384
188,63,Female,2396433,Colorado,2007,2.6289072133458355
189,62,Female,2439060,Colorado,2008,2.5419628873418447
190,85,Female,2480710,Colorado,2009,3.4264383986842475
191,79,Female,2508534,Colorado,2010,3.1492497211518757
192,76,Female,2549601,Colorado,2011,2.980858573557196
193,92,Female,2583877,Colorado,2012,3.56054100098418
194,96,Female,2621921,Colorado,2013,3.6614375490337046
195,97,Female,2664707,Colorado,2014,3.640175073657254
196,97,Female,2712811,Colorado,2015,3.5756269050811134
197,122,Female,2754727,Colorado,2016,4.428751015980894
198,367,Male,2124660,Colorado,1999,17.273351971609575
199,364,Male,2165983,Colorado,2000,16.80530271936576
200,421,Male,2229982,Colorado,2001,18.879076153977923
201,427,Male,2261741,Colorado,2002,18.87926159538161
202,415,Male,2275518,Colorado,2003,18.237605679234356
203,454,Male,2300502,Colorado,2004,19.734823095133148
204,448,Male,2323650,Colorado,2005,19.28001205000753
205,394,Male,2367463,Colorado,2006,16.642287545782132
206,427,Male,2407435,Colorado,2007,17.73671978682706
207,441,Male,2450670,Colorado,2008,17.99507889679149
208,484,Male,2491485,Colorado,2009,19.426165519760303
209,452,Male,2520662,Colorado,2010,17.931797281825173
210,480,Male,2567195,Colorado,2011,18.69744994049926
211,567,Male,2603705,Colorado,2012,21.77666056638521
212,504,Male,2646446,Colorado,2013,19.04440899228626
213,546,Male,2691159,Colorado,2014,20.288656300129425
214,585,Male,2743763,Colorado,2015,21.32108349008278
215,663,Male,2785818,Colorado,2016,23.79911394068098
216,13,Female,1747148,Connecticut,1999,0.7440697639810709
217,17,Female,1756246,Connecticut,2000,0.9679737348867983
218,14,Female,1768959,Connecticut,2001,0.7914259177290146
219,10,Female,1780500,Connecticut,2002,0.5616399887672002
220,22,Female,1793468,Connecticut,2003,1.2266736847270205
221,20,Female,1798078,Connecticut,2004,1.1122987990509867
222,17,Female,1802068,Connecticut,2005,0.943360627900834
223,19,Female,1807675,Connecticut,2006,1.0510738932606802
224,19,Female,1811617,Connecticut,2007,1.0487868020668827
225,21,Female,1820749,Connecticut,2008,1.1533714971146491
226,22,Female,1828779,Connecticut,2009,1.2029884420151369
227,18,Female,1834483,Connecticut,2010,0.981202878413155
228,17,Female,1835893,Connecticut,2011,0.925979890984932
229,42,Female,1840431,Connecticut,2012,2.282074144588958
230,15,Female,1842128,Connecticut,2014,0.8142756637975211
231,22,Female,1839139,Connecticut,2015,1.1962119230792234
232,15,Female,1830837,Connecticut,2016,0.81929740331881
233,184,Male,1639253,Connecticut,1999,11.224624874866784
234,160,Male,1649319,Connecticut,2000,9.700973553327161
235,176,Male,1663876,Connecticut,2001,10.577711319833929
236,135,Male,1678249,Connecticut,2002,8.044098342975328
237,129,Male,1690868,Connecticut,2003,7.6292176562570235
238,151,Male,1698016,Connecticut,2004,8.892731281684036
239,170,Male,1704888,Connecticut,2005,9.971329494958026
240,153,Male,1709785,Connecticut,2006,8.948493524039572
241,129,Male,1715653,Connecticut,2007,7.519002968549001
242,177,Male,1724830,Connecticut,2008,10.261880881014362
243,150,Male,1733028,Connecticut,2009,8.65537083070787
244,190,Male,1739614,Connecticut,2010,10.921963148146657
245,192,Male,1744816,Connecticut,2011,11.00402563937974
246,185,Male,1749916,Connecticut,2012,10.571936024357742
247,149,Male,1754151,Connecticut,2013,8.494137619851426
248,171,Male,1754549,Connecticut,2014,9.746094295457123
249,163,Male,1751747,Connecticut,2015,9.304996669039536
250,151,Male,1745615,Connecticut,2016,8.650246474738129
251,17,Female,409349,Delaware,2001,4.15293551468307
252,11,Female,427320,Delaware,2004,2.5741832818496677
253,11,Female,442766,Delaware,2006,2.4843822696413005
254,13,Female,449398,Delaware,2007,2.8927587572708378
255,13,Female,467299,Delaware,2011,2.7819447505772534
256,12,Female,472734,Delaware,2012,2.538425414715252
257,15,Female,477802,Delaware,2013,3.1393757246725635
258,16,Female,488125,Delaware,2015,3.2778489116517284
259,14,Female,491395,Delaware,2016,2.849031837930789
260,55,Male,376258,Delaware,1999,14.617629392597633
261,43,Male,380541,Delaware,2000,11.29970226598448
262,58,Male,386350,Delaware,2001,15.012294551572408
263,66,Male,391517,Delaware,2002,16.85750554892891
264,54,Male,397201,Delaware,2003,13.595131935720202
265,62,Male,403483,Delaware,2004,15.366198823742264
266,67,Male,409923,Delaware,2005,16.344532997660536
267,65,Male,416502,Delaware,2006,15.60616755741869
268,63,Male,422351,Delaware,2007,14.916503098134017
269,90,Male,428393,Delaware,2008,21.00874664151842
270,65,Male,431935,Delaware,2009,15.04856054730457
271,80,Male,434939,Delaware,2010,18.393383899811237
272,64,Male,439836,Delaware,2011,14.550878054547605
273,80,Male,444358,Delaware,2012,18.00350168107697
274,83,Male,447947,Delaware,2013,18.528977758529468
275,94,Male,452689,Delaware,2014,20.764807627311463
276,92,Male,457809,Delaware,2015,20.09571677271526
277,97,Male,460670,Delaware,2016,21.05628758113183
278,12,Female,301797,District of Columbia,1999,3.9761826658316686
279,13,Female,302693,District of Columbia,2000,4.2947805201970315
280,22,Female,303146,District of Columbia,2002,7.257229189895297
281,10,Female,300284,District of Columbia,2004,3.3301807622117727
282,10,Female,299613,District of Columbia,2005,3.337638887498206
283,12,Female,302949,District of Columbia,2007,3.961062753136667
284,11,Female,346293,District of Columbia,2014,3.17650082444635
285,147,Male,268416,District of Columbia,1999,54.765736766809724
286,135,Male,269366,District of Columbia,2000,50.1176837462783
287,160,Male,270764,District of Columbia,2001,59.092050641887404
288,171,Male,270012,District of Columbia,2002,63.33051864361584
289,159,Male,267895,District of Columbia,2003,59.351611638888365
290,133,Male,267470,District of Columbia,2004,49.725202826485216
291,143,Male,267523,District of Columbia,2005,53.45334793643911
292,126,Male,269359,District of Columbia,2006,46.77772044000758
293,128,Male,271455,District of Columbia,2007,47.15330349413347
294,125,Male,273971,District of Columbia,2008,45.625266907811415
295,101,Male,280400,District of Columbia,2009,36.019971469329526
296,93,Male,284222,District of Columbia,2010,32.72090126731921
297,79,Male,292221,District of Columbia,2011,27.03433360367667
298,61,Male,299041,District of Columbia,2012,20.398540668336448
299,64,Male,306250,District of Columbia,2013,20.897959183673468
300,70,Male,312600,District of Columbia,2014,22.39283429302623
301,108,Male,318601,District of Columbia,2015,33.89819868738642
302,97,Male,323230,District of Columbia,2016,30.009590693933117
303,302,Female,8073847,Florida,1999,3.740472168967284
304,263,Female,8184663,Florida,2000,3.213327170587231
305,282,Female,8372776,Florida,2001,3.368058574599392
306,300,Female,8541734,Florida,2002,3.512167435792311
307,289,Female,8697573,Florida,2003,3.322766017600542
308,319,Female,8902447,Florida,2004,3.583284461002688
309,289,Female,9117950,Florida,2005,3.1695721077654517
310,328,Female,9280080,Florida,2006,3.5344522892044035
311,337,Female,9378587,Florida,2007,3.593291825303748
312,348,Female,9465279,Florida,2008,3.676595269933406
313,387,Female,9534289,Florida,2009,4.059033662604522
314,376,Female,9611955,Florida,2010,3.9117952591330276
315,362,Female,9736166,Florida,2011,3.7180960143859507
316,423,Female,9869741,Florida,2012,4.285826750671573
317,408,Female,9990213,Florida,2013,4.083997007871604
318,357,Female,10170011,Florida,2014,3.5103206869687753
319,373,Female,10368733,Florida,2015,3.597353697891536
320,454,Female,10542288,Florida,2016,4.306465541446031
321,1393,Male,7685574,Florida,1999,18.124866145326298
322,1403,Male,7797715,Florida,2000,17.992450352442994
323,1511,Male,7984190,Florida,2001,18.92490033428563
324,1566,Male,8147636,Florida,2002,19.220298992247567
325,1640,Male,8306512,Florida,2003,19.743545786727328
326,1546,Male,8512871,Florida,2004,18.160735667203227
327,1528,Male,8724088,Florida,2005,17.51472474830607
328,1727,Male,8886910,Florida,2006,19.433076288608753
329,1898,Male,8989255,Florida,2007,21.1140967744268
330,1956,Male,9062026,Florida,2008,21.584577223680444
331,1912,Male,9118355,Florida,2009,20.968694462981535
332,1860,Male,9189355,Florida,2010,20.240811243008896
333,1975,Male,9321376,Florida,2011,21.187858959878884
334,2011,Male,9447827,Florida,2012,21.285317777304773
335,1996,Male,9562647,Florida,2013,20.872881744981278
336,2028,Male,9723286,Florida,2014,20.857146442056727
337,2167,Male,9902539,Florida,2015,21.883276602091644
338,2223,Male,10070151,Florida,2016,22.07514068061144
339,184,Female,4096031,Georgia,1999,4.49215350176793
340,188,Female,4159340,Georgia,2000,4.519947876345766
341,182,Female,4256162,Georgia,2001,4.276153022370859
342,172,Female,4327934,Georgia,2002,3.974182600751305
343,192,Female,4394952,Georgia,2003,4.368648394794755
344,178,Female,4463524,Georgia,2004,3.987880428110166
345,173,Female,4555263,Georgia,2005,3.797804868785842
346,182,Female,4670606,Georgia,2006,3.896710619564142
347,182,Female,4777572,Georgia,2007,3.8094663984132526
348,220,Female,4856984,Georgia,2008,4.529559907959343
349,218,Female,4917756,Georgia,2009,4.432916151187656
350,195,Female,4958482,Georgia,2010,3.932655195682872
351,214,Female,5012403,Georgia,2011,4.269409303282278
352,243,Female,5068921,Georgia,2012,4.793919652722936
353,211,Female,5110806,Georgia,2013,4.128507323502398
354,234,Female,5170356,Georgia,2014,4.525800544488619
355,250,Female,5234978,Georgia,2015,4.775569257406621
356,238,Female,5289906,Georgia,2016,4.499134767234049
357,900,Male,3949934,Georgia,1999,22.78519084116342
358,881,Male,4027113,Georgia,2000,21.876714162229867
359,921,Male,4120876,Georgia,2001,22.349616926109885
360,938,Male,4180322,Georgia,2002,22.438462874391014
361,969,Male,4227841,Georgia,2003,22.919499574369045
362,870,Male,4305728,Georgia,2004,20.20564234433759
363,872,Male,4370659,Georgia,2005,19.951224746657196
364,933,Male,4485207,Georgia,2006,20.801715506107076
365,1041,Male,4572416,Georgia,2007,22.76695733721516
366,942,Male,4647859,Georgia,2008,20.267396235557058
367,1008,Male,4703090,Georgia,2009,21.43271763882894
368,1008,Male,4729171,Georgia,2010,21.314517914450544
369,994,Male,4802807,Georgia,2011,20.696230350293067
370,1024,Male,4851024,Georgia,2012,21.108945245374997
371,1032,Male,4881361,Georgia,2013,21.141644717528575
372,1142,Male,4926987,Georgia,2014,23.178465865649738
373,1175,Male,4979882,Georgia,2015,23.594936586850853
374,1307,Male,5020465,Georgia,2016,26.033445109168174
375,13,Female,710942,Hawaii,2016,1.8285598543903723
376,39,Male,608470,Hawaii,1999,6.4095189573849165
377,45,Male,608671,Hawaii,2000,7.393156565698053
378,34,Male,616759,Hawaii,2001,5.512688100214183
379,30,Male,623421,Hawaii,2002,4.812157434542629
380,30,Male,627401,Hawaii,2003,4.781630886785325
381,35,Male,636705,Hawaii,2004,5.497051224664484
382,22,Male,647916,Hawaii,2005,3.3955018860469566
383,26,Male,657380,Hawaii,2006,3.955094465910128
384,33,Male,658490,Hawaii,2007,5.0114656259016845
385,32,Male,666900,Hawaii,2008,4.798320587794272
386,40,Male,673642,Hawaii,2009,5.937872044795307
387,38,Male,681243,Hawaii,2010,5.5780389670059
388,39,Male,689805,Hawaii,2011,5.6537717180942435
389,45,Male,701965,Hawaii,2012,6.410576025870236
390,29,Male,709614,Hawaii,2013,4.086728841313729
391,36,Male,718099,Hawaii,2014,5.013236336493993
392,51,Male,725372,Hawaii,2015,7.030875192315115
393,49,Male,717615,Hawaii,2016,6.8281738815381505
394,23,Female,636798,Idaho,1999,3.611820388883131
395,18,Female,645293,Idaho,2000,2.789430537755717
396,33,Female,658043,Idaho,2001,5.014869848930845
397,16,Female,668686,Idaho,2002,2.3927523531223924
398,18,Female,679877,Idaho,2003,2.647537716381051
399,20,Female,693186,Idaho,2004,2.885228495670715
400,22,Female,711983,Idaho,2005,3.0899614176181176
401,26,Female,732104,Idaho,2006,3.5514079966780674
402,18,Female,750127,Idaho,2007,2.399593668805416
403,23,Female,764792,Idaho,2008,3.007353633406207
404,29,Female,775398,Idaho,2009,3.740014805299988
405,23,Female,782258,Idaho,2010,2.940206428058262
406,26,Female,791358,Idaho,2011,3.285491522168222
407,28,Female,797116,Idaho,2012,3.5126631506581223
408,34,Female,805052,Idaho,2013,4.223329673114283
409,36,Female,815968,Idaho,2014,4.411937723047962
410,36,Female,826183,Idaho,2015,4.357388133137573
411,39,Female,839608,Idaho,2016,4.645024821106992
412,127,Male,638876,Idaho,1999,19.87866189996181
413,107,Male,648660,Idaho,2000,16.49554466130176
414,137,Male,661919,Idaho,2001,20.697396509240555
415,144,Male,671686,Idaho,2002,21.438588864439634
416,140,Male,683503,Idaho,2003,20.482719168752734
417,153,Male,698616,Idaho,2004,21.900443161908687
418,171,Male,716258,Idaho,2005,23.874078893359655
419,148,Male,736565,Idaho,2006,20.093270790765242
420,165,Male,754978,Idaho,2007,21.85494146849312
421,144,Male,769528,Idaho,2008,18.712769385909283
422,163,Male,779041,Idaho,2009,20.92316065521584
423,174,Male,785324,Idaho,2010,22.15646026353454
424,160,Male,793627,Idaho,2011,20.16060441492036
425,173,Male,798612,Idaho,2012,21.66258458425368
426,188,Male,807084,Idaho,2013,23.293733985557886
427,171,Male,818496,Idaho,2014,20.89197748064743
428,206,Male,828747,Idaho,2015,24.85680189490882
429,197,Male,843532,Idaho,2016,23.354182176846876
430,126,Female,6313350,Illinois,1999,1.9957708664971843
431,110,Female,6338957,Illinois,2000,1.7353012490856146
432,137,Female,6370443,Illinois,2001,2.1505568764997975
433,116,Female,6387897,Illinois,2002,1.8159341016300043
434,98,Female,6402859,Illinois,2003,1.5305662673502571
435,111,Female,6414209,Illinois,2004,1.730532946463079
436,114,Female,6423831,Illinois,2005,1.774641954310442
437,99,Female,6440022,Illinois,2006,1.537261829229776
438,101,Female,6467577,Illinois,2007,1.5616358336359968
439,95,Female,6493537,Illinois,2008,1.46299312685829
440,102,Female,6520723,Illinois,2009,1.564243719599805
441,94,Female,6538356,Illinois,2010,1.4376702645129753
442,95,Female,6555063,Illinois,2011,1.449261433490418
443,116,Female,6555800,Illinois,2012,1.769425546844016
444,119,Female,6555652,Illinois,2013,1.8152275319068187
445,108,Female,6559694,Illinois,2014,1.6464182628031123
446,115,Female,6545500,Illinois,2015,1.7569322435260866
447,132,Female,6509748,Illinois,2016,2.027728262292181
448,1066,Male,6045670,Illinois,1999,17.632454302004575
449,1007,Male,6080336,Illinois,2000,16.561584754526724
450,1135,Male,6118002,Illinois,2001,18.551808253740354
451,1095,Male,6137659,Illinois,2002,17.840678343322757
452,1025,Male,6153147,Illinois,2003,16.6581425732231
453,867,Male,6175564,Illinois,2004,14.039203544809835
454,900,Male,6186072,Illinois,2005,14.548812234969137
455,922,Male,6203933,Illinois,2006,14.861540251965971
456,918,Male,6228289,Illinois,2007,14.739200444937607
457,992,Male,6253501,Illinois,2008,15.863114117995664
458,942,Male,6276055,Illinois,2009,15.009428693661862
459,947,Male,6292276,Illinois,2010,15.05019805234227
460,996,Male,6314194,Illinois,2011,15.773984771453014
461,1036,Male,6319455,Illinois,2012,16.393818770764252
462,971,Male,6326483,Illinois,2013,15.348180023561273
463,1048,Male,6320886,Illinois,2014,16.57995413934059
464,1087,Male,6314495,Illinois,2015,17.214361560188106
465,1329,Male,6291791,Illinois,2016,21.12276138860938
466,94,Female,3083351,Indiana,1999,3.0486311808159368
467,86,Female,3098011,Indiana,2000,2.7759746495412703
468,128,Female,3120158,Indiana,2001,4.1023563550307385
469,110,Female,3133342,Indiana,2002,3.5106285876230556
470,99,Female,3152366,Indiana,2003,3.1404982797048313
471,84,Female,3168952,Indiana,2004,2.650718597189228
472,83,Female,3191481,Indiana,2005,2.6006734804311855
473,91,Female,3218203,Indiana,2006,2.8276650043518075
474,109,Female,3241454,Indiana,2007,3.362688472518814
475,113,Female,3263963,Indiana,2008,3.4620490489628715
476,87,Female,3281477,Indiana,2009,2.6512451557637
477,103,Female,3294065,Indiana,2010,3.126835687820368
478,94,Female,3309937,Indiana,2011,2.839933207187931
479,115,Female,3319144,Indiana,2012,3.4647487424468477
480,119,Female,3334634,Indiana,2013,3.5686075293420507
481,97,Female,3347411,Indiana,2014,2.8977618822427242
482,119,Female,3357815,Indiana,2015,3.5439713027668294
483,144,Female,3363491,Indiana,2016,4.28126610120259
484,568,Male,2961618,Indiana,1999,19.178705693982142
485,566,Male,2982474,Indiana,2000,18.97753341688813
486,594,Male,3007602,Indiana,2001,19.749953617533173
487,604,Male,3022625,Indiana,2002,19.982630991274142
488,582,Male,3044272,Indiana,2003,19.11787120204765
489,539,Male,3064055,Indiana,2004,17.59106804544958
490,603,Male,3087135,Indiana,2005,19.532673498243515
491,635,Male,3114466,Indiana,2006,20.38872795528993
492,549,Male,3138145,Indiana,2007,17.494411507435125
493,593,Male,3160843,Indiana,2008,18.76081792104195
494,638,Male,3177848,Indiana,2009,20.076479428846188
495,593,Male,3189737,Indiana,2010,18.590874420054067
496,533,Male,3206985,Indiana,2011,16.61997171798434
497,663,Male,3218190,Indiana,2012,20.601642538196938
498,717,Male,3236268,Indiana,2013,22.155149079124474
499,705,Male,3249444,Indiana,2014,21.696019380546332
500,706,Male,3261865,Indiana,2015,21.644059456783157
501,835,Male,3269562,Indiana,2016,25.538588960845523
502,26,Female,1488223,Iowa,1999,1.747050005274747
503,18,Female,1490809,Iowa,2000,1.2073981308135382
504,14,Female,1492287,Iowa,2001,0.9381573383672176
505,27,Female,1491450,Iowa,2002,1.8103188172583726
506,24,Female,1493907,Iowa,2003,1.6065257074235546
507,14,Female,1498888,Iowa,2004,0.934025757761754
508,26,Female,1503019,Iowa,2005,1.7298517184413502
509,30,Female,1511124,Iowa,2006,1.985277184400486
510,12,Female,1518023,Iowa,2007,0.7905018566912358
511,27,Female,1525539,Iowa,2008,1.7698662571065045
512,15,Female,1532739,Iowa,2009,0.9786401990162709
513,33,Female,1538036,Iowa,2010,2.1455934711541214
514,26,Female,1544894,Iowa,2011,1.6829633618876119
515,33,Female,1549698,Iowa,2012,2.1294471568008735
516,31,Female,1557015,Iowa,2013,1.9909891683766696
517,31,Female,1564081,Iowa,2014,1.9819945386460165
518,39,Female,1571873,Iowa,2015,2.4811164769672867
519,31,Female,1575574,Iowa,2016,1.967536910357749
520,168,Male,1429411,Iowa,1999,11.75309270741585
521,170,Male,1435515,Iowa,2000,11.84243982124882
522,173,Male,1439710,Iowa,2001,12.016308839974716
523,167,Male,1442784,Iowa,2002,11.574844190121322
524,181,Male,1448092,Iowa,2003,12.499205851561918
525,174,Male,1454747,Iowa,2004,11.960842675736744
526,172,Male,1461435,Iowa,2005,11.769254191941481
527,162,Male,1471520,Iowa,2006,11.00902468196151
528,142,Male,1481189,Iowa,2007,9.586892692289776
529,191,Male,1491195,Iowa,2008,12.808519341870111
530,169,Male,1500131,Iowa,2009,11.265682797035726
531,180,Male,1508319,Iowa,2010,11.933815061667989
532,191,Male,1517415,Iowa,2011,12.587195987913654
533,180,Male,1524488,Iowa,2012,11.80724282513211
534,218,Male,1533401,Iowa,2013,14.216763912375171
535,201,Male,1543045,Iowa,2014,13.026191718323185
536,204,Male,1552026,Iowa,2015,13.144109699193184
537,255,Male,1559119,Iowa,2016,16.355390448067148
538,39,Female,1356044,Kansas,1999,2.8760128727386425
539,41,Female,1359944,Kansas,2000,3.0148300224126876
540,44,Female,1365966,Kansas,2001,3.221163630719945
541,39,Female,1371898,Kansas,2002,2.8427769411428545
542,41,Female,1377415,Kansas,2003,2.976590207018219
543,50,Female,1382396,Kansas,2004,3.616908613740202
544,26,Female,1387958,Kansas,2005,1.8732555307869545
545,39,Female,1394092,Kansas,2006,2.797519819351951
546,31,Female,1405705,Kansas,2007,2.205299120370206
547,30,Female,1415563,Kansas,2008,2.11929811672105
548,41,Female,1428139,Kansas,2009,2.8708690120499476
549,36,Female,1437710,Kansas,2010,2.503982026973451
550,55,Female,1445436,Kansas,2011,3.8050802664386385
551,47,Female,1450624,Kansas,2012,3.239984999558811
552,42,Female,1452009,Kansas,2013,2.8925440544790013
553,42,Female,1456666,Kansas,2014,2.8832965140945146
554,49,Female,1458008,Kansas,2015,3.360749735255225
555,50,Female,1459530,Kansas,2016,3.42576034750913
556,225,Male,1322294,Kansas,1999,17.01588300332604
557,254,Male,1328474,Kansas,2000,19.119681679882333
558,218,Male,1336196,Kansas,2001,16.31497175564064
559,228,Male,1341637,Kansas,2002,16.994164591465502
560,256,Male,1345589,Kansas,2003,19.025125799928507
561,241,Male,1351977,Kansas,2004,17.82574703563744
562,228,Male,1357341,Kansas,2005,16.797547558056525
563,249,Male,1368839,Kansas,2006,18.1905980177362
564,256,Male,1378080,Kansas,2007,18.576570300708234
565,243,Male,1392513,Kansas,2008,17.45046545346435
566,255,Male,1404565,Kansas,2009,18.155087162217484
567,254,Male,1415408,Kansas,2010,17.945355685427806
568,266,Male,1425802,Kansas,2011,18.656166845045806
569,321,Male,1435281,Kansas,2012,22.364958499415792
570,284,Male,1441948,Kansas,2013,19.6955784813322
571,275,Male,1447355,Kansas,2014,19.000176183451885
572,275,Male,1453633,Kansas,2015,18.918117571629153
573,328,Male,1447759,Kansas,2016,22.655704436995386
574,83,Female,2056401,Kentucky,1999,4.036177768830107
575,84,Female,2066401,Kentucky,2000,4.065038683198469
576,72,Female,2076871,Kentucky,2001,3.4667535923030366
577,86,Female,2087223,Kentucky,2002,4.120307221604975
578,77,Female,2102308,Kentucky,2003,3.662641249521954
579,91,Female,2112051,Kentucky,2004,4.308608078119326
580,96,Female,2129658,Kentucky,2005,4.507766035673334
581,65,Female,2149096,Kentucky,2006,3.0245275222698287
582,97,Female,2164210,Kentucky,2007,4.48200498103234
583,84,Female,2183532,Kentucky,2008,3.84697819862498
584,102,Female,2193136,Kentucky,2009,4.6508743643805035
585,76,Female,2204415,Kentucky,2010,3.4476266946105887
586,95,Female,2219482,Kentucky,2011,4.280278010815136
587,116,Female,2222704,Kentucky,2012,5.218868549298512
588,122,Female,2231899,Kentucky,2013,5.46619717110855
589,112,Female,2240299,Kentucky,2014,4.999332678361236
590,111,Female,2245998,Kentucky,2015,4.942123724063868
591,137,Female,2250421,Kentucky,2016,6.087749803259035
592,428,Male,1961652,Kentucky,1999,21.818344945994497
593,453,Male,1975368,Kentucky,2000,22.932435880301796
594,442,Male,1991261,Kentucky,2001,22.196989746698197
595,444,Male,2002652,Kentucky,2002,22.170601782037018
596,472,Male,2014862,Kentucky,2003,23.4259219738126
597,454,Male,2034050,Kentucky,2004,22.320001966519996
598,445,Male,2053084,Kentucky,2005,21.674709851131272
599,452,Male,2070143,Kentucky,2006,21.83424043653023
600,507,Male,2092462,Kentucky,2007,24.229830697044918
601,487,Male,2106346,Kentucky,2008,23.120607915318754
602,449,Male,2123938,Kentucky,2009,21.13997677898319
603,469,Male,2134952,Kentucky,2010,21.967707002311997
604,506,Male,2149874,Kentucky,2011,23.53626305541627
605,529,Male,2157711,Kentucky,2012,24.516721655495108
606,490,Male,2163396,Kentucky,2013,22.64957502001483
607,509,Male,2173158,Kentucky,2014,23.422134975919835
608,571,Male,2179094,Kentucky,2015,26.203550649949015
609,613,Male,2186553,Kentucky,2016,28.03499389221299
610,122,Female,2302744,Louisiana,1999,5.298027049467939
611,110,Female,2306073,Louisiana,2000,4.77001378533984
612,121,Female,2308063,Louisiana,2001,5.242491214494578
613,124,Female,2315524,Louisiana,2002,5.355159350540093
614,118,Female,2327153,Louisiana,2003,5.070573357230917
615,120,Female,2338753,Louisiana,2004,5.130939436528783
616,131,Female,2349441,Louisiana,2005,5.575794412372986
617,123,Female,2204072,Louisiana,2006,5.580579944756796
618,126,Female,2239125,Louisiana,2007,5.627198124267292
619,125,Female,2269630,Louisiana,2008,5.507505628670752
620,117,Female,2295199,Louisiana,2009,5.097597201811259
621,123,Female,2314080,Louisiana,2010,5.315287284795685
622,142,Female,2336467,Louisiana,2011,6.077552133199399
623,134,Female,2349843,Louisiana,2012,5.70250863568332
624,120,Female,2361537,Louisiana,2013,5.0814363696186
625,163,Female,2375737,Louisiana,2014,6.861028809165324
626,139,Female,2386915,Louisiana,2015,5.823416418263742
627,160,Female,2392296,Louisiana,2016,6.688135581884516
628,637,Male,2158067,Louisiana,1999,29.517155862167392
629,673,Male,2162903,Louisiana,2000,31.115588632499932
630,655,Male,2169812,Louisiana,2001,30.186947071912222
631,739,Male,2181743,Louisiana,2002,33.872000506017436
632,721,Male,2193889,Louisiana,2003,32.86401454221248
633,772,Male,2213485,Louisiana,2004,34.87712814859825
634,712,Male,2227187,Louisiana,2005,31.968577402795546
635,698,Male,2098593,Louisiana,2006,33.26037969248921
636,733,Male,2136456,Louisiana,2007,34.30915497440621
637,689,Male,2165956,Louisiana,2008,31.81043382229371
638,683,Male,2196449,Louisiana,2009,31.095645744563154
639,737,Male,2219292,Louisiana,2010,33.20878910931955
640,717,Male,2238369,Louisiana,2011,32.03225205495609
641,702,Male,2252050,Louisiana,2012,31.171599209609024
642,753,Male,2263933,Louisiana,2013,33.26070161970341
643,721,Male,2273939,Louisiana,2014,31.707095045205698
644,802,Male,2283809,Louisiana,2015,35.11677202428049
645,819,Male,2289370,Louisiana,2016,35.774033904523954
646,18,Female,650598,Maine,1999,2.7666854186456153
647,14,Female,654614,Maine,2000,2.1386649231455483
648,16,Female,659657,Maine,2001,2.4255029507759334
649,11,Female,664226,Maine,2002,1.656062846079497
650,11,Female,668680,Maine,2003,1.6450320033498833
651,13,Female,671862,Maine,2004,1.9349211594047588
652,11,Female,674104,Maine,2005,1.6317956873123434
653,16,Female,676157,Maine,2006,2.3663143323222267
654,12,Female,677797,Maine,2007,1.7704415923941828
655,15,Female,679413,Maine,2008,2.2077881936318557
656,17,Female,678694,Maine,2009,2.5048107099812285
657,12,Female,678305,Maine,2010,1.769115663307804
658,22,Female,678125,Maine,2011,3.2442396313364057
659,15,Female,678914,Maine,2012,2.2094109121332006
660,20,Female,678082,Maine,2013,2.9494957836957774
661,16,Female,678818,Maine,2014,2.3570382635699114
662,19,Female,678071,Maine,2015,2.802066450268482
663,11,Female,678894,Maine,2016,1.6202824004925658
664,92,Male,616210,Maine,1999,14.929975170802162
665,96,Male,620309,Maine,2000,15.476157850361673
666,80,Male,626035,Maine,2001,12.778838243868154
667,76,Male,631734,Maine,2002,12.030379875074003
668,70,Male,637833,Maine,2003,10.974659511188666
669,95,Male,641826,Maine,2004,14.801519414919307
670,98,Male,644683,Maine,2005,15.201269461114997
671,86,Male,647462,Maine,2006,13.282632803160649
672,94,Male,649243,Maine,2007,14.478400229189996
673,103,Male,651096,Maine,2008,15.819479769496356
674,104,Male,650896,Maine,2009,15.977974976033037
675,97,Male,650056,Maine,2010,14.921791353360325
676,107,Male,650063,Maine,2011,16.45994311320595
677,112,Male,650278,Maine,2012,17.2234029138307
678,132,Male,650220,Maine,2013,20.30082126049645
679,110,Male,651271,Maine,2014,16.8900503784139
680,123,Male,651257,Maine,2015,18.8865532347445
681,111,Male,652585,Maine,2016,17.009278484795082
682,60,Female,2716928,Maryland,1999,2.2083765193630454
683,67,Female,2738692,Maryland,2000,2.4464233290928665
684,56,Female,2779864,Maryland,2001,2.0144870396537384
685,60,Female,2815197,Maryland,2002,2.1312895687228997
686,57,Female,2843847,Maryland,2003,2.0043272370138054
687,61,Female,2870043,Maryland,2004,2.1254036960421847
688,54,Female,2891761,Maryland,2005,1.8673742401256535
689,60,Female,2907963,Maryland,2006,2.0632999800891554
690,67,Female,2920109,Maryland,2007,2.2944348995191617
691,74,Female,2935788,Maryland,2008,2.520617973777398
692,65,Female,2960001,Maryland,2009,2.1959452040725664
693,45,Female,2981790,Maryland,2010,1.5091606048715704
694,54,Female,3007715,Maryland,2011,1.7953828737097766
695,51,Female,3034160,Maryland,2012,1.6808606006275213
696,61,Female,3054052,Maryland,2013,1.9973464760914352
697,68,Female,3079989,Maryland,2014,2.207800092792539
698,53,Female,3095316,Maryland,2015,1.7122645959249394
699,68,Female,3101981,Maryland,2016,2.1921475341080425
700,578,Male,2537581,Maryland,1999,22.777598035294243
701,533,Male,2557794,Maryland,2000,20.83826922731072
702,537,Male,2594827,Maryland,2001,20.695021286582882
703,544,Male,2625192,Maryland,2002,20.722293836031803
704,580,Male,2652422,Maryland,2003,21.86680701637975
705,586,Male,2676892,Maryland,2004,21.89105873527957
706,589,Male,2700618,Maryland,2005,21.809822788709845
707,597,Male,2719404,Maryland,2006,21.95333977592149
708,595,Male,2733299,Maryland,2007,21.76856611735489
709,569,Male,2749177,Maryland,2008,20.69710316942125
710,505,Male,2770387,Maryland,2009,18.228500205927908
711,486,Male,2791762,Maryland,2010,17.408360741352595
712,467,Male,2820574,Maryland,2011,16.55691359276516
713,518,Male,2850403,Maryland,2012,18.17286888906586
714,501,Male,2874762,Maryland,2013,17.427529652889525
715,459,Male,2896418,Maryland,2014,15.847160181990306
716,638,Male,2911085,Maryland,2015,21.91622711119737
717,621,Male,2914466,Maryland,2016,21.30750538863723
718,24,Female,3274830,Massachusetts,1999,0.7328624691968744
719,24,Female,3290281,Massachusetts,2000,0.7294209825847702
720,10,Female,3319436,Massachusetts,2002,0.30125599650061036
721,22,Female,3320817,Massachusetts,2003,0.6624875745938423
722,13,Female,3314634,Massachusetts,2004,0.39220016448271516
723,22,Female,3309010,Massachusetts,2005,0.6648514208177068
724,22,Female,3311185,Massachusetts,2006,0.6644147034973884
725,24,Female,3321653,Massachusetts,2007,0.7225318237636502
726,16,Female,3340730,Massachusetts,2008,0.47893723826828266
727,23,Female,3365859,Massachusetts,2009,0.6833322489147644
728,26,Female,3381001,Massachusetts,2010,0.7690030260269074
729,23,Female,3397995,Massachusetts,2011,0.6768697423039174
730,26,Female,3425771,Massachusetts,2012,0.7589532400151674
731,18,Female,3448008,Massachusetts,2013,0.5220405521100879
732,28,Female,3474584,Massachusetts,2014,0.8058518660075565
733,22,Female,3498304,Massachusetts,2015,0.628876163992609
734,14,Female,3506128,Massachusetts,2016,0.39930088120000184
735,165,Male,3042515,Massachusetts,1999,5.423144996820065
736,150,Male,3058816,Massachusetts,2000,4.903858224881785
737,182,Male,3085067,Massachusetts,2001,5.89938565353686
738,188,Male,3097770,Massachusetts,2002,6.068881808526779
739,179,Male,3101748,Massachusetts,2003,5.770939483155949
740,191,Male,3097647,Massachusetts,2004,6.165970493087172
741,201,Male,3094280,Massachusetts,2005,6.495856871388497
742,185,Male,3098899,Massachusetts,2006,5.969862199445674
743,208,Male,3109906,Massachusetts,2007,6.6883050484484095
744,201,Male,3128237,Massachusetts,2008,6.425344371286446
745,177,Male,3151754,Massachusetts,2009,5.615920531868921
746,239,Male,3166628,Massachusetts,2010,7.5474605795186545
747,224,Male,3189541,Massachusetts,2011,7.0229540864970845
748,200,Male,3220373,Massachusetts,2012,6.210460713712356
749,179,Male,3244816,Massachusetts,2013,5.51649153603779
750,195,Male,3270824,Massachusetts,2014,5.96180045150702
751,183,Male,3296118,Massachusetts,2015,5.551985699541096
752,216,Male,3305651,Massachusetts,2016,6.534265111471235
753,137,Female,5047770,Michigan,1999,2.7140697773472247
754,159,Female,5065349,Michigan,2000,3.1389742345492877
755,121,Female,5089289,Michigan,2001,2.377542324674429
756,135,Female,5100171,Michigan,2002,2.6469700721799327
757,126,Female,5110521,Michigan,2003,2.465502049595335
758,133,Female,5117929,Michigan,2004,2.598707406843667
759,123,Female,5114320,Michigan,2005,2.405011809976693
760,135,Female,5106621,Michigan,2006,2.6436267739469996
761,123,Female,5091035,Michigan,2007,2.416011675425527
762,99,Female,5065899,Michigan,2008,1.9542434620192786
763,122,Female,5044338,Michigan,2009,2.418553237312805
764,122,Female,5035526,Michigan,2010,2.4227856235872878
765,124,Female,5030242,Michigan,2011,2.465090148744335
766,135,Female,5032849,Michigan,2012,2.682377317499492
767,143,Female,5036338,Michigan,2013,2.839364633588929
768,139,Female,5041414,Michigan,2014,2.7571629705475487
769,137,Female,5044428,Michigan,2015,2.715867884327024
770,161,Female,5043554,Michigan,2016,3.192193441370906
771,935,Male,4849346,Michigan,1999,19.280950462186038
772,892,Male,4873095,Michigan,2000,18.304588767508122
773,934,Male,4901831,Michigan,2001,19.05410447647012
774,943,Male,4915539,Michigan,2002,19.18406099514214
775,883,Male,4930631,Michigan,2003,17.90845836972996
776,901,Male,4937386,Michigan,2004,18.248522598800257
777,937,Male,4936817,Michigan,2005,18.97984065441356
778,1010,Male,4929460,Michigan,2006,20.48905965359289
779,953,Male,4910249,Michigan,2007,19.4083843813216
780,971,Male,4880990,Michigan,2008,19.893505211033006
781,960,Male,4857253,Michigan,2009,19.764257698744537
782,935,Male,4848114,Michigan,2010,19.285850126461547
783,1018,Male,4845945,Michigan,2011,21.00725451898443
784,1072,Male,4850511,Michigan,2012,22.100764228758578
785,1034,Male,4859284,Michigan,2013,21.27885507412203
786,947,Male,4868463,Michigan,2014,19.451724291629617
787,1005,Male,4878148,Michigan,2015,20.6020809536734
788,1052,Male,4884746,Michigan,2016,21.536431986432866
789,23,Female,2462931,Minnesota,1999,0.9338467054091243
790,40,Female,2483848,Minnesota,2000,1.6104045014026622
791,40,Female,2514149,Minnesota,2001,1.5909956012949114
792,29,Female,2531205,Minnesota,2002,1.145699380334663
793,37,Female,2546999,Minnesota,2003,1.4526900089085233
794,41,Female,2564037,Minnesota,2004,1.5990408874754927
795,47,Female,2579546,Minnesota,2005,1.8220260464438316
796,36,Female,2600951,Minnesota,2006,1.3841091200872297
797,36,Female,2622551,Minnesota,2007,1.3727092437859167
798,39,Female,2642672,Minnesota,2008,1.4757790599817155
799,32,Female,2659958,Minnesota,2009,1.2030265139524758
800,42,Female,2671793,Minnesota,2010,1.5719780686602594
801,37,Female,2689958,Minnesota,2011,1.3754861600069592
802,41,Female,2706970,Minnesota,2012,1.5146085845059236
803,52,Female,2727081,Minnesota,2013,1.9068007147569142
804,48,Female,2745132,Minnesota,2014,1.7485497965125176
805,52,Female,2759730,Minnesota,2015,1.8842422990654883
806,55,Female,2772322,Minnesota,2016,1.9838965314995878
807,267,Male,2410550,Minnesota,1999,11.076310385596647
808,267,Male,2435631,Minnesota,2000,10.962251671127524
809,274,Male,2468647,Minnesota,2001,11.099197252584108
810,270,Male,2487730,Minnesota,2002,10.853267838551611
811,290,Male,2506573,Minnesota,2003,11.569581256959202
812,313,Male,2523676,Minnesota,2004,12.402542957178339
813,305,Male,2540052,Minnesota,2005,12.007628190289017
814,290,Male,2562604,Minnesota,2006,11.316613881817089
815,301,Male,2584652,Minnesota,2007,11.645668353031665
816,324,Male,2604346,Minnesota,2008,12.44074328065472
817,299,Male,2621245,Minnesota,2009,11.4067933367541
818,307,Male,2632132,Minnesota,2010,11.66354878858659
819,348,Male,2654903,Minnesota,2011,13.107823525002608
820,335,Male,2672169,Minnesota,2012,12.536632226479687
821,367,Male,2693299,Minnesota,2013,13.626411326778053
822,322,Male,2712041,Minnesota,2014,11.872976846588971
823,347,Male,2729864,Minnesota,2015,12.711255945351123
824,365,Male,2747630,Minnesota,2016,13.284175816976813
825,79,Female,1464581,Mississippi,1999,5.394034198176816
826,79,Female,1471104,Mississippi,2000,5.370116592708605
827,75,Female,1473486,Mississippi,2001,5.0899703152931215
828,82,Female,1475412,Mississippi,2002,5.557769626382326
829,88,Female,1479611,Mississippi,2003,5.947509176398391
830,61,Female,1490115,Mississippi,2004,4.093643779171407
831,81,Female,1497962,Mississippi,2005,5.407346781827576
832,79,Female,1496313,Mississippi,2006,5.279644031696577
833,84,Female,1507071,Mississippi,2007,5.573725458190093
834,90,Female,1516955,Mississippi,2008,5.932938023870188
835,72,Female,1522000,Mississippi,2009,4.730617608409987
836,93,Female,1526057,Mississippi,2010,6.094136719663813
837,93,Female,1531968,Mississippi,2011,6.070622885073318
838,97,Female,1535635,Mississippi,2012,6.316605182872231
839,94,Female,1536620,Mississippi,2013,6.117322434954641
840,75,Female,1539523,Mississippi,2014,4.871638812801108
841,97,Female,1540483,Mississippi,2015,6.29672641632527
842,102,Female,1539934,Mississippi,2016,6.623660494540675
843,420,Male,1363827,Mississippi,1999,30.795694761872294
844,381,Male,1373554,Mississippi,2000,27.73826147352052
845,410,Male,1379508,Mississippi,2001,29.720741017812145
846,401,Male,1383269,Mississippi,2002,28.98929998431252
847,383,Male,1388701,Mississippi,2003,27.579730986007785
848,404,Male,1398895,Mississippi,2004,28.879937379145684
849,365,Male,1407981,Mississippi,2005,25.923645276463247
850,382,Male,1408665,Mississippi,2006,27.117874015468548
851,442,Male,1421279,Mississippi,2007,31.098749788043023
852,463,Male,1430851,Mississippi,2008,32.35836575576353
853,410,Male,1436774,Mississippi,2009,28.536151127456375
854,377,Male,1441240,Mississippi,2010,26.158030584774224
855,425,Male,1446544,Mississippi,2011,29.380371423199016
856,427,Male,1449291,Mississippi,2012,29.462682097660167
857,417,Male,1454587,Mississippi,2013,28.667931172215898
858,452,Male,1454556,Mississippi,2014,31.074774707883368
859,477,Male,1451850,Mississippi,2015,32.85463374315528
860,469,Male,1448792,Mississippi,2016,32.371796641615916
861,95,Female,2860166,Missouri,1999,3.3214855361541957
862,112,Female,2875034,Missouri,2000,3.8956061041365078
863,88,Female,2895476,Missouri,2001,3.0392239479795378
864,90,Female,2910476,Missouri,2002,3.092277689285189
865,83,Female,2926556,Missouri,2003,2.8360981303621045
866,106,Female,2942685,Missouri,2004,3.602152456005315
867,85,Female,2962870,Missouri,2005,2.868840009855309
868,106,Female,2987563,Missouri,2006,3.5480423341700242
869,103,Female,3007493,Missouri,2007,3.424779376045098
870,117,Female,3024837,Missouri,2008,3.8679770182657776
871,117,Female,3042021,Missouri,2009,3.846127294979226
872,94,Female,3055450,Missouri,2010,3.076469914415225
873,124,Female,3066254,Missouri,2011,4.044022445629097
874,118,Female,3070952,Missouri,2012,3.8424566714165507
875,121,Female,3080214,Missouri,2013,3.9282984883517833
876,132,Female,3089367,Missouri,2014,4.272719945542242
877,153,Female,3098627,Missouri,2015,4.937670781284743
878,179,Female,3100965,Missouri,2016,5.772396657169623
879,600,Male,2701782,Missouri,1999,22.20756522917097
880,624,Male,2720177,Missouri,2000,22.939683704406
881,640,Male,2745666,Missouri,2001,23.30946298639383
882,598,Male,2764349,Missouri,2002,21.632579677891613
883,564,Male,2782847,Missouri,2003,20.267014320226732
884,556,Male,2805056,Missouri,2004,19.82135116019074
885,658,Male,2827430,Missouri,2005,23.272017344372806
886,653,Male,2855141,Missouri,2006,22.871024583374343
887,634,Male,2880119,Missouri,2007,22.01297932481262
888,690,Male,2899079,Missouri,2008,23.80066221030886
889,693,Male,2919067,Missouri,2009,23.740462277844255
890,743,Male,2933477,Missouri,2010,25.328304943246533
891,715,Male,2944434,Missouri,2011,24.283105004221525
892,756,Male,2951036,Missouri,2012,25.618121907018416
893,747,Male,2963957,Missouri,2013,25.20279477738712
894,797,Male,2974222,Missouri,2014,26.796923699710376
895,929,Male,2985045,Missouri,2015,31.121808883953175
896,948,Male,2992035,Missouri,2016,31.684121342163444
897,15,Female,450543,Montana,1999,3.3293159587431167
898,11,Female,452715,Montana,2000,2.4297847431607082
899,23,Female,454683,Montana,2001,5.058469307187645
900,17,Female,456712,Montana,2002,3.7222582283802486
901,21,Female,460116,Montana,2003,4.564066452807553
902,20,Female,465000,Montana,2004,4.301075268817204
903,20,Female,469780,Montana,2005,4.257311933245349
904,18,Female,480939,Montana,2007,3.7426783854085444
905,31,Female,486477,Montana,2008,6.37234648297864
906,20,Female,490122,Montana,2009,4.080616662790081
907,26,Female,492748,Montana,2010,5.276530802763278
908,29,Female,496966,Montana,2011,5.835409263410374
909,24,Female,500192,Montana,2012,4.7981575075171135
910,30,Female,505367,Montana,2013,5.936279970793502
911,22,Female,509456,Montana,2014,4.318331710687478
912,37,Female,513619,Montana,2015,7.203783349136227
913,28,Female,517745,Montana,2016,5.408067678104086
914,107,Male,446964,Montana,1999,23.93928817533403
915,119,Male,449480,Montana,2000,26.4750378214826
916,133,Male,452278,Montana,2001,29.406692344089254
917,109,Male,454955,Montana,2002,23.958413469464013
918,124,Male,459514,Montana,2003,26.985032012082332
919,104,Male,465009,Montana,2004,22.365158523813516
920,136,Male,470322,Montana,2005,28.91635943034772
921,111,Male,477351,Montana,2006,23.253329311135833
922,119,Male,483767,Montana,2007,24.598618756550156
923,121,Male,489938,Montana,2008,24.697002477864544
924,144,Male,493860,Montana,2009,29.158060988944232
925,136,Male,496667,Montana,2010,27.382531958032242
926,138,Male,501233,Montana,2011,27.532105827030545
927,144,Male,504949,Montana,2012,28.517731493675598
928,135,Male,509798,Montana,2013,26.48107681866151
929,143,Male,514123,Montana,2014,27.814355708653377
930,161,Male,519330,Montana,2015,31.00148267960642
931,157,Male,524775,Montana,2016,29.917583726358917
932,20,Female,865531,Nebraska,1999,2.31072023994519
933,27,Female,867912,Nebraska,2000,3.110914470591488
934,14,Female,871208,Nebraska,2001,1.606964123378114
935,18,Female,874803,Nebraska,2002,2.057606112461891
936,15,Female,879362,Nebraska,2003,1.7057821466017407
937,12,Female,883984,Nebraska,2004,1.3574906333146302
938,15,Female,889468,Nebraska,2005,1.6864013095468302
939,14,Female,894687,Nebraska,2006,1.5647930505305208
940,23,Female,900106,Nebraska,2007,2.5552546033467167
941,14,Female,905814,Nebraska,2008,1.5455711658243305
942,16,Female,913619,Nebraska,2009,1.7512770640715658
943,17,Female,920045,Nebraska,2010,1.8477357085794717
944,20,Female,927392,Nebraska,2011,2.1565853490217726
945,10,Female,933223,Nebraska,2012,1.0715552445664112
946,18,Female,938690,Nebraska,2013,1.9175659695959262
947,14,Female,944640,Nebraska,2014,1.4820460704607046
948,19,Female,951022,Nebraska,2015,1.997850733211219
949,17,Female,956445,Nebraska,2016,1.7774153244567121
950,122,Male,839233,Nebraska,1999,14.537083265314877
951,136,Male,843351,Nebraska,2000,16.126144393022596
952,119,Male,848628,Nebraska,2001,14.022634181290272
953,119,Male,853489,Nebraska,2002,13.942769033930139
954,112,Male,859281,Nebraska,2003,13.03415297207782
955,105,Male,865386,Nebraska,2004,12.133313920031062
956,115,Male,872029,Nebraska,2005,13.187634814897212
957,125,Male,878006,Nebraska,2006,14.236804759876355
958,113,Male,883334,Nebraska,2007,12.792443175514585
959,135,Male,890564,Nebraska,2008,15.158932990778876
960,113,Male,899064,Nebraska,2009,12.568626927560219
961,133,Male,906296,Nebraska,2010,14.675117180258987
962,138,Male,915249,Nebraska,2011,15.077864056666547
963,157,Male,922302,Nebraska,2012,17.02262382603529
964,148,Male,929826,Nebraska,2013,15.916956505840878
965,163,Male,936863,Nebraska,2014,17.398488359557373
966,149,Male,945168,Nebraska,2015,15.764393208403163
967,146,Male,950671,Nebraska,2016,15.357573755799852
968,51,Female,949422,Nevada,1999,5.371689301490802
969,42,Female,980206,Nevada,2000,4.284813600406445
970,53,Female,1030850,Nevada,2001,5.141388174807198
971,53,Female,1069764,Nevada,2002,4.954363766213857
972,59,Female,1108135,Nevada,2003,5.324261033177366
973,54,Female,1156586,Nevada,2004,4.668913509241855
974,54,Female,1198846,Nevada,2005,4.5043316656184365
975,55,Female,1243993,Nevada,2006,4.421246743349842
976,68,Female,1284052,Nevada,2007,5.295735686716737
977,59,Female,1310601,Nevada,2008,4.501751486531751
978,58,Female,1327618,Nevada,2009,4.36872654634089
979,59,Female,1336935,Nevada,2010,4.413079169892328
980,54,Female,1348764,Nevada,2011,4.0036655782627655
981,71,Female,1367724,Nevada,2012,5.191105807896915
982,64,Female,1384702,Nevada,2013,4.621933094629747
983,69,Female,1412306,Nevada,2014,4.88562676926955
984,89,Female,1440294,Nevada,2015,6.17929394970749
985,79,Female,1466061,Nevada,2016,5.388588878634654
986,310,Male,985296,Nevada,1999,31.462626459459898
987,294,Male,1018051,Nevada,2000,28.87871039859496
988,277,Male,1067549,Nevada,2001,25.947286728759057
989,307,Male,1104027,Nevada,2002,27.807290944877256
990,307,Male,1140715,Nevada,2003,26.912944951192895
991,326,Male,1189636,Nevada,2004,27.403340181366403
992,328,Male,1233297,Nevada,2005,26.595378080056953
993,335,Male,1278665,Nevada,2006,26.199199946819533
994,336,Male,1317020,Nevada,2007,25.512141045694065
995,337,Male,1343029,Nevada,2008,25.092533370463336
996,342,Male,1357047,Nevada,2009,25.201780041516617
997,322,Male,1363616,Nevada,2010,23.61368596437707
998,306,Male,1374558,Nevada,2011,22.261701579707804
999,282,Male,1391207,Nevada,2012,20.270168278336723
1000,321,Male,1405434,Nevada,2013,22.839919910860274
1001,348,Male,1426793,Nevada,2014,24.390363563600328
1002,338,Male,1450551,Nevada,2015,23.30149026128692
1003,406,Male,1473997,Nevada,2016,27.54415375336585
1004,12,Female,637412,New Hampshire,2001,1.882612815572973
1005,10,Female,657932,New Hampshire,2005,1.51991391207602
1006,10,Female,662773,New Hampshire,2006,1.5088122177578145
1007,10,Female,664987,New Hampshire,2007,1.5037887958711975
1008,14,Female,666576,New Hampshire,2008,2.100285638846883
1009,15,Female,666875,New Hampshire,2009,2.2492970946579196
1010,19,Female,667076,New Hampshire,2010,2.8482511737792997
1011,12,Female,667341,New Hampshire,2011,1.7981811397771157
1012,18,Female,668481,New Hampshire,2012,2.6926718934419975
1013,11,Female,671344,New Hampshire,2014,1.6385042541528636
1014,21,Female,672952,New Hampshire,2015,3.1205791794957145
1015,15,Female,673935,New Hampshire,2016,2.2257339357653185
1016,64,Male,600605,New Hampshire,1999,10.65592194537175
1017,69,Male,607687,New Hampshire,2000,11.35452955222014
1018,79,Male,618105,New Hampshire,2001,12.780999991910761
1019,65,Male,625409,New Hampshire,2002,10.393198690776757
1020,78,Male,631327,New Hampshire,2003,12.354928586928802
1021,60,Male,636276,New Hampshire,2004,9.429870056390623
1022,78,Male,640560,New Hampshire,2005,12.176845260397153
1023,72,Male,645616,New Hampshire,2006,11.152139971747912
1024,68,Male,647553,New Hampshire,2007,10.501070954809878
1025,78,Male,649330,New Hampshire,2008,12.0123819937474
1026,73,Male,649227,New Hampshire,2009,11.244141109350043
1027,95,Male,649394,New Hampshire,2010,14.629023366400059
1028,74,Male,650853,New Hampshire,2011,11.36969484660899
1029,97,Male,652237,New Hampshire,2012,14.871894725383564
1030,84,Male,653713,New Hampshire,2013,12.849675622176704
1031,107,Male,655469,New Hampshire,2014,16.324189244647727
1032,98,Male,657656,New Hampshire,2015,14.901407422725557
1033,115,Male,660860,New Hampshire,2016,17.401567654268682
1034,46,Female,4304271,New Jersey,1999,1.0687059434687083
1035,31,Female,4331537,New Jersey,2000,0.7156812928066874
1036,32,Female,4369932,New Jersey,2001,0.7322768409210944
1037,38,Female,4398801,New Jersey,2002,0.8638717686933326
1038,54,Female,4421964,New Jersey,2003,1.2211768345468212
1039,39,Female,4436964,New Jersey,2004,0.878979410245384
1040,39,Female,4443545,New Jersey,2005,0.8776776200083491
1041,43,Female,4448099,New Jersey,2006,0.966705102561791
1042,42,Female,4455148,New Jersey,2007,0.9427296242459285
1043,49,Female,4469901,New Jersey,2008,1.0962211467323326
1044,37,Female,4493506,New Jersey,2009,0.8234104950566439
1045,42,Female,4512294,New Jersey,2010,0.9307904139224972
1046,36,Female,4520963,New Jersey,2011,0.7962905248284491
1047,38,Female,4540905,New Jersey,2012,0.8368375907445762
1048,44,Female,4555374,New Jersey,2013,0.9658921528726291
1049,47,Female,4576223,New Jersey,2014,1.027047851470525
1050,35,Female,4585897,New Jersey,2015,0.7632094658907516
1051,45,Female,4576725,New Jersey,2016,0.983235829113613
1052,310,Male,4055321,New Jersey,1999,7.6442777279529786
1053,307,Male,4082813,New Jersey,2000,7.519325523848385
1054,331,Male,4122739,New Jersey,2001,8.028643093826702
1055,374,Male,4153842,New Jersey,2002,9.003712707416412
1056,396,Male,4179438,New Jersey,2003,9.474958116378327
1057,409,Male,4197597,New Jersey,2004,9.743670009293412
1058,390,Male,4208429,New Jersey,2005,9.2671160663516
1059,445,Male,4213580,New Jersey,2006,10.561090569064786
1060,402,Male,4222737,New Jersey,2007,9.519891956330692
1061,379,Male,4241189,New Jersey,2008,8.936173323094065
1062,371,Male,4262096,New Jersey,2009,8.704637342753426
1063,410,Male,4279600,New Jersey,2010,9.580334610711281
1064,437,Male,4300192,New Jersey,2011,10.162336937513487
1065,399,Male,4323685,New Jersey,2012,9.228239337509555
1066,451,Male,4343965,New Jersey,2013,10.3822199304092
1067,415,Male,4361952,New Jersey,2014,9.51408910506122
1068,428,Male,4372116,New Jersey,2015,9.789310256178016
1069,435,Male,4367744,New Jersey,2016,9.95937490841954
1070,38,Female,918661,New Mexico,1999,4.136455123271805
1071,38,Female,924729,New Mexico,2000,4.109312025469084
1072,46,Female,930387,New Mexico,2001,4.94417914265784
1073,40,Female,941856,New Mexico,2002,4.246933713858594
1074,39,Female,952303,New Mexico,2003,4.095335203186381
1075,41,Female,964738,New Mexico,2004,4.2498585108081155
1076,33,Female,978520,New Mexico,2005,3.3724400114458573
1077,28,Female,993969,New Mexico,2006,2.8169892622405728
1078,41,Female,1007922,New Mexico,2007,4.067775085770526
1079,42,Female,1018578,New Mexico,2008,4.123395557335815
1080,38,Female,1031238,New Mexico,2009,3.684891363584352
1081,32,Female,1041758,New Mexico,2010,3.0717306706547967
1082,43,Female,1052114,New Mexico,2011,4.0870095826117705
1083,38,Female,1052831,New Mexico,2012,3.6093162150430604
1084,51,Female,1051678,New Mexico,2013,4.849393065177744
1085,44,Female,1052690,New Mexico,2014,4.179768022874731
1086,56,Female,1051688,New Mexico,2015,5.324773126630712
1087,69,Female,1050352,New Mexico,2016,6.569226316511036
1088,244,Male,889421,New Mexico,1999,27.43357757462439
1089,246,Male,894317,New Mexico,2000,27.507024913984637
1090,218,Male,901303,New Mexico,2001,24.187204525004354
1091,259,Male,913453,New Mexico,2002,28.353949245336104
1092,277,Male,925271,New Mexico,2003,29.93717516273611
1093,244,Male,939070,New Mexico,2004,25.983153545529085
1094,227,Male,953754,New Mexico,2005,23.800686550200577
1095,242,Male,968168,New Mexico,2006,24.995661909916457
1096,236,Male,982148,New Mexico,2007,24.02896508469192
1097,241,Male,992084,New Mexico,2008,24.292297829619265
1098,249,Male,1005564,New Mexico,2009,24.762222991276538
1099,253,Male,1017421,New Mexico,2010,24.86679555464257
1100,253,Male,1030110,New Mexico,2011,24.560483831823788
1101,273,Male,1032707,New Mexico,2012,26.435378088848044
1102,255,Male,1033609,New Mexico,2013,24.670837811977258
1103,278,Male,1032882,New Mexico,2014,26.914981575823763
1104,311,Male,1033421,New Mexico,2015,30.094221038666717
1105,291,Male,1030663,New Mexico,2016,28.234253097278156
1106,107,Female,9777654,New York,1999,1.0943320350668984
1107,102,Female,9829709,New York,2000,1.0376705963523438
1108,93,Female,9878713,New York,2001,0.9414181786635566
1109,92,Female,9902927,New York,2002,0.9290182589450574
1110,88,Female,9917810,New York,2003,0.8872926583590531
1111,67,Female,9913527,New York,2004,0.6758442277909769
1112,97,Female,9887467,New York,2005,0.9810399367198899
1113,87,Female,9871401,New York,2006,0.8813338653753403
1114,91,Female,9881510,New York,2007,0.92091188492447
1115,79,Female,9918841,New York,2008,0.7964640223590639
1116,94,Female,9966620,New York,2009,0.9431482287876932
1117,79,Female,10000955,New York,2010,0.7899245622043095
1118,101,Female,10033393,New York,2011,1.0066385319502587
1119,71,Female,10081044,New York,2012,0.7042921348225442
1120,80,Female,10114934,New York,2013,0.7909097577898184
1121,78,Female,10164966,New York,2014,0.7673414746296249
1122,68,Female,10184278,New York,2015,0.6676958346973639
1123,87,Female,10157924,New York,2016,0.8564742165820497
1124,895,Male,9105071,New York,1999,9.829687214959664
1125,973,Male,9146748,New York,2000,10.637660510598957
1126,964,Male,9204125,New York,2001,10.4735648418508
1127,885,Male,9234873,New York,2002,9.583239531285379
1128,935,Male,9258129,New York,2003,10.099232793148595
1129,872,Male,9258040,New York,2004,9.418840272887135
1130,907,Male,9245143,New York,2005,9.810556743146105
1131,907,Male,9233230,New York,2006,9.823214628033742
1132,880,Male,9250825,New York,2007,9.51266508662741
1133,869,Male,9293595,New York,2008,9.350525819125968
1134,845,Male,9340446,New York,2009,9.04667721434287
1135,920,Male,9377147,New York,2010,9.811086463718654
1136,879,Male,9431804,New York,2011,9.31953208527234
1137,884,Male,9489217,New York,2012,9.31583712333694
1138,767,Male,9536193,New York,2013,8.043041914105554
1139,778,Male,9581261,New York,2014,8.12001677023515
1140,766,Male,9611513,New York,2015,7.969608947103333
1141,797,Male,9587365,New York,2016,8.313024485872813
1142,183,Female,4062710,North Carolina,1999,4.504382542687024
1143,191,Female,4106618,North Carolina,2000,4.651029143689527
1144,147,Female,4187317,North Carolina,2001,3.510601179705286
1145,177,Female,4250179,North Carolina,2002,4.16453048212793
1146,157,Female,4313901,North Carolina,2003,3.639397380700206
1147,166,Female,4376070,North Carolina,2004,3.7933579673085664
1148,163,Female,4457189,North Carolina,2005,3.6570134225854005
1149,176,Female,4563152,North Carolina,2006,3.8569830678443324
1150,175,Female,4677313,North Carolina,2007,3.741464383503948
1151,196,Female,4771376,North Carolina,2008,4.107829691057674
1152,181,Female,4846501,North Carolina,2009,3.7346531033419783
1153,181,Female,4889991,North Carolina,2010,3.7014383053056745
1154,182,Female,4952679,North Carolina,2011,3.674778841915658
1155,193,Female,4999175,North Carolina,2012,3.860637005105842
1156,184,Female,5047448,North Carolina,2013,3.645406550003091
1157,212,Female,5099371,North Carolina,2014,4.157375488074901
1158,194,Female,5150777,North Carolina,2015,3.7664220369082178
1159,253,Female,5213836,North Carolina,2016,4.852473303724935
1160,868,Male,3886651,North Carolina,1999,22.332851598972997
1161,916,Male,3942695,North Carolina,2000,23.232839466405593
1162,935,Male,4022805,North Carolina,2001,23.242488760951627
1163,946,Male,4076022,North Carolina,2002,23.208903190414578
1164,890,Male,4108600,North Carolina,2003,21.66187995911016
1165,876,Male,4177082,North Carolina,2004,20.971577766488664
1166,947,Male,4248218,North Carolina,2005,22.291699719741313
1167,942,Male,4354118,North Carolina,2006,21.634691572437863
1168,928,Male,4440724,North Carolina,2007,20.89749329163443
1169,953,Male,4538073,North Carolina,2008,21.000102907114982
1170,923,Male,4603065,North Carolina,2009,20.051856751968526
1171,932,Male,4645492,North Carolina,2010,20.062460553155617
1172,964,Male,4703722,North Carolina,2011,20.494408470568626
1173,967,Male,4752898,North Carolina,2012,20.345481851283154
1174,1017,Male,4800612,North Carolina,2013,21.184798938135387
1175,978,Male,4844593,North Carolina,2014,20.18745434342988
1176,1070,Male,4892025,North Carolina,2015,21.8723330318222
1177,1120,Male,4932952,North Carolina,2016,22.7044576959192
1178,10,Female,322617,North Dakota,1999,3.099650669369562
1179,12,Female,343886,North Dakota,2012,3.489528506539958
1180,12,Female,368074,North Dakota,2015,3.260213978710803
1181,12,Female,368978,North Dakota,2016,3.252226420003361
1182,37,Male,321642,North Dakota,1999,11.503472805168478
1183,38,Male,320524,North Dakota,2000,11.855586477143676
1184,41,Male,319275,North Dakota,2001,12.841594236943076
1185,54,Male,319151,North Dakota,2002,16.919890584707552
1186,47,Male,319921,North Dakota,2003,14.691126871946512
1187,44,Male,323697,North Dakota,2004,13.59295884731709
1188,58,Male,324546,North Dakota,2005,17.871118423890604
1189,39,Male,326839,North Dakota,2006,11.932480517930847
1190,53,Male,328756,North Dakota,2007,16.121378773315165
1191,53,Male,331438,North Dakota,2008,15.990924396116316
1192,52,Male,335294,North Dakota,2009,15.50877737150083
1193,59,Male,339864,North Dakota,2010,17.359885130522798
1194,52,Male,346270,North Dakota,2011,15.017183122996506
1195,60,Male,355742,North Dakota,2012,16.86615580954737
1196,79,Male,370001,North Dakota,2013,21.35129364515231
1197,85,Male,379019,North Dakota,2014,22.426316358810507
1198,77,Male,388853,North Dakota,2015,19.80182742578815
1199,76,Male,388974,North Dakota,2016,19.538580984847314
1200,128,Female,5835017,Ohio,1999,2.1936525634801063
1201,122,Female,5840878,Ohio,2000,2.088727071512194
1202,129,Female,5853691,Ohio,2001,2.2037377784375707
1203,131,Female,5859385,Ohio,2002,2.2357295176882896
1204,101,Female,5868535,Ohio,2003,1.7210428156260462
1205,146,Female,5874411,Ohio,2004,2.4853555530928975
1206,133,Female,5876703,Ohio,2005,2.2631737557606706
1207,149,Female,5883067,Ohio,2006,2.5326925564505727
1208,125,Female,5890965,Ohio,2007,2.1218934419063773
1209,122,Female,5896594,Ohio,2008,2.0689910141346006
1210,142,Female,5902018,Ohio,2009,2.405956742253243
1211,149,Female,5904348,Ohio,2010,2.5235639904693965
1212,167,Female,5905599,Ohio,2011,2.8278249166595972
1213,186,Female,5901605,Ohio,2012,3.151685007722475
1214,174,Female,5911149,Ohio,2013,2.9435901548074663
1215,154,Female,5919391,Ohio,2014,2.6016189841150887
1216,197,Female,5926893,Ohio,2015,3.323832571298318
1217,218,Female,5922679,Ohio,2016,3.680766761122796
1218,788,Male,5500437,Ohio,1999,14.32613445077182
1219,750,Male,5512262,Ohio,2000,13.60602961180002
1220,884,Male,5533713,Ohio,2001,15.974807511701455
1221,916,Male,5548504,Ohio,2002,16.508954485749673
1222,813,Male,5566253,Ohio,2003,14.605875801908393
1223,871,Male,5577840,Ohio,2004,15.615363653313828
1224,967,Male,5586617,Ohio,2005,17.309223095121787
1225,953,Male,5598146,Ohio,2006,17.02349313504864
1226,961,Male,5609503,Ohio,2007,17.13164250023576
1227,976,Male,5618797,Ohio,2008,17.370266268740444
1228,833,Male,5626878,Ohio,2009,14.803946344669281
1229,979,Male,5632156,Ohio,2010,17.382331029183142
1230,1030,Male,5639352,Ohio,2011,18.26450982311443
1231,1043,Male,5642620,Ohio,2012,18.48432111324172
1232,1094,Male,5659659,Ohio,2013,19.32978647653507
1233,1030,Male,5674772,Ohio,2014,18.150508954368565
1234,1163,Male,5686530,Ohio,2015,20.451839698374933
1235,1277,Male,5691694,Ohio,2016,22.436202648982885
1236,85,Female,1748783,Oklahoma,1999,4.860523003711724
1237,80,Female,1754759,Oklahoma,2000,4.559030613320689
1238,66,Female,1760052,Oklahoma,2001,3.74988920781886
1239,78,Female,1769080,Oklahoma,2002,4.4090713817351395
1240,62,Female,1777723,Oklahoma,2003,3.4876074619049198
1241,71,Female,1784671,Oklahoma,2004,3.978324296186804
1242,78,Female,1796475,Oklahoma,2005,4.341836095687388
1243,78,Female,1818693,Oklahoma,2006,4.288794205509121
1244,81,Female,1837175,Oklahoma,2007,4.408943078367602
1245,77,Female,1854771,Oklahoma,2008,4.151455894016027
1246,86,Female,1878034,Oklahoma,2009,4.57925681856665
1247,76,Female,1894374,Oklahoma,2010,4.011879386013533
1248,114,Female,1913759,Oklahoma,2011,5.95686290698045
1249,108,Female,1924995,Oklahoma,2012,5.610404182868008
1250,115,Female,1943276,Oklahoma,2013,5.917841829981948
1251,120,Female,1957903,Oklahoma,2014,6.129006391021415
1252,118,Female,1974214,Oklahoma,2015,5.9770622637667445
1253,112,Female,1979658,Oklahoma,2016,5.657542868515673
1254,410,Male,1688364,Oklahoma,1999,24.283862958461565
1255,357,Male,1695895,Oklahoma,2000,21.050831566812803
1256,405,Male,1707048,Oklahoma,2001,23.72516765785145
1257,360,Male,1720000,Oklahoma,2002,20.930232558139533
1258,373,Male,1727169,Oklahoma,2003,21.596033740763062
1259,375,Male,1740562,Oklahoma,2004,21.54476542633931
1260,376,Male,1752122,Oklahoma,2005,21.459692875267816
1261,397,Male,1775397,Oklahoma,2006,22.361195833945875
1262,393,Male,1797174,Oklahoma,2007,21.867665568275523
1263,428,Male,1814205,Oklahoma,2008,23.591600728693834
1264,440,Male,1839538,Oklahoma,2009,23.91904923953732
1265,455,Male,1856977,Oklahoma,2010,24.502188233887654
1266,510,Male,1877749,Oklahoma,2011,27.160179555414487
1267,503,Male,1889825,Oklahoma,2012,26.61622107867131
1268,511,Male,1907292,Oklahoma,2013,26.791912302888075
1269,487,Male,1920148,Oklahoma,2014,25.362628297402075
1270,580,Male,1937124,Oklahoma,2015,29.941294413780426
1271,652,Male,1943903,Oklahoma,2016,33.54076823792134
1272,55,Female,1712226,Oregon,1999,3.2121927829620622
1273,64,Female,1724849,Oregon,2000,3.7104697280747474
1274,58,Female,1747889,Oregon,2001,3.3182885183212436
1275,53,Female,1771126,Oregon,2002,2.9924466130585854
1276,46,Female,1788805,Oregon,2003,2.571549162709183
1277,52,Female,1800377,Oregon,2004,2.8882839538607747
1278,50,Female,1823447,Oregon,2005,2.74205940726547
1279,56,Female,1853117,Oregon,2006,3.0219354741227886
1280,59,Female,1879347,Oregon,2007,3.139388308811518
1281,48,Female,1903535,Oregon,2008,2.521624241214372
1282,66,Female,1923209,Oregon,2009,3.431764306427435
1283,67,Female,1935072,Oregon,2010,3.462403466124258
1284,53,Female,1955239,Oregon,2011,2.710666061796026
1285,66,Female,1968641,Oregon,2012,3.3525665674950385
1286,74,Female,1985655,Oregon,2013,3.7267299707149526
1287,77,Female,2006139,Oregon,2014,3.8382185880439987
1288,76,Female,2035807,Oregon,2015,3.733163310667465
1289,77,Female,2066455,Oregon,2016,3.726188085392617
1290,327,Male,1681715,Oregon,1999,19.4444361856795
1291,306,Male,1696550,Oregon,2000,18.03660369573546
1292,287,Male,1720048,Oregon,2001,16.685580867510673
1293,311,Male,1742298,Oregon,2002,17.849988922675685
1294,341,Male,1758571,Oregon,2003,19.39074396200097
1295,322,Male,1769086,Oregon,2004,18.201489356650836
1296,330,Male,1789755,Oregon,2005,18.43827786484742
1297,315,Male,1817766,Oregon,2006,17.328963133868715
1298,317,Male,1843070,Oregon,2007,17.19956377131634
1299,326,Male,1865213,Oregon,2008,17.47789662628343
1300,339,Male,1885391,Oregon,2009,17.98035526848277
1301,373,Male,1896002,Oregon,2010,19.672975028507356
1302,356,Male,1916620,Oregon,2011,18.57436528889399
1303,358,Male,1930712,Oregon,2012,18.5423822921285
1304,376,Male,1944410,Oregon,2013,19.33748540688435
1305,404,Male,1964100,Oregon,2014,20.569217453286495
1306,398,Male,1993170,Oregon,2015,19.96819137354064
1307,422,Male,2027010,Oregon,2016,20.818841544935644
1308,155,Female,6347064,Pennsylvania,1999,2.4420740046106357
1309,143,Female,6351391,Pennsylvania,2000,2.251475306747766
1310,151,Female,6354395,Pennsylvania,2001,2.3763080513565806
1311,166,Female,6363832,Pennsylvania,2002,2.608491236097999
1312,133,Female,6377894,Pennsylvania,2003,2.085327852736342
1313,160,Female,6390749,Pennsylvania,2004,2.5036189028860307
1314,144,Female,6405053,Pennsylvania,2005,2.2482249561400978
1315,133,Female,6429312,Pennsylvania,2006,2.0686505803420334
1316,123,Female,6452087,Pennsylvania,2007,1.9063599111419298
1317,135,Female,6473295,Pennsylvania,2008,2.085491237460984
1318,185,Female,6497024,Pennsylvania,2009,2.8474575436384413
1319,141,Female,6512016,Pennsylvania,2010,2.1652280952626652
1320,165,Female,6528324,Pennsylvania,2011,2.5274480862163093
1321,169,Female,6533359,Pennsylvania,2012,2.586724531745462
1322,194,Female,6531461,Pennsylvania,2013,2.9702389710357298
1323,165,Female,6533392,Pennsylvania,2014,2.5254875262344583
1324,181,Female,6538129,Pennsylvania,2015,2.768376090468695
1325,183,Female,6523033,Pennsylvania,2016,2.8054434187286805
1326,1018,Male,5916741,Pennsylvania,1999,17.205417644612126
1327,1094,Male,5929663,Pennsylvania,2000,18.449615096169886
1328,1000,Male,5944575,Pennsylvania,2001,16.82206045007423
1329,1035,Male,5967199,Pennsylvania,2002,17.344821246953554
1330,1078,Male,5996764,Pennsylvania,2003,17.976361917861034
1331,1092,Male,6019973,Pennsylvania,2004,18.13961624080374
1332,1191,Male,6044937,Pennsylvania,2005,19.70243858620859
1333,1224,Male,6081497,Pennsylvania,2006,20.126623428409157
1334,1173,Male,6111850,Pennsylvania,2007,19.192224940075427
1335,1191,Male,6138990,Pennsylvania,2008,19.40058543832129
1336,1146,Male,6169834,Pennsylvania,2009,18.57424365063955
1337,1154,Male,6190363,Pennsylvania,2010,18.641879321131892
1338,1250,Male,6214562,Pennsylvania,2011,20.11404826277379
1339,1262,Male,6230177,Pennsylvania,2012,20.256246331364263
1340,1232,Male,6242340,Pennsylvania,2013,19.73618867283743
1341,1212,Male,6253817,Pennsylvania,2014,19.380164146152662
1342,1289,Male,6264374,Pennsylvania,2015,20.576676935317078
1343,1347,Male,6261194,Pennsylvania,2016,21.51346851734669
1344,10,Female,542084,Rhode Island,2013,1.8447325506748031
1345,48,Male,499678,Rhode Island,1999,9.606186384031316
1346,50,Male,503635,Rhode Island,2000,9.927824714326844
1347,41,Male,508168,Rhode Island,2001,8.068197918798507
1348,49,Male,512905,Rhode Island,2002,9.553426073054464
1349,30,Male,515752,Rhode Island,2003,5.816749135243295
1350,35,Male,518204,Rhode Island,2004,6.754096842170265
1351,34,Male,515084,Rhode Island,2005,6.600865101614494
1352,39,Male,512962,Rhode Island,2006,7.602902359239086
1353,35,Male,510456,Rhode Island,2007,6.8566144780353255
1354,40,Male,509591,Rhode Island,2008,7.849432191698833
1355,52,Male,508882,Rhode Island,2009,10.218478940107921
1356,44,Male,508400,Rhode Island,2010,8.654602675059008
1357,27,Male,508247,Rhode Island,2011,5.3123776431538206
1358,37,Male,508276,Rhode Island,2012,7.279509557799305
1359,43,Male,509427,Rhode Island,2013,8.440856099107428
1360,28,Male,511363,Rhode Island,2014,5.475562369588727
1361,46,Male,511949,Rhode Island,2015,8.985270017130613
1362,42,Male,513081,Rhode Island,2016,8.18584200155531
1363,108,Female,2045606,South Carolina,1999,5.279609074279211
1364,83,Female,2063083,South Carolina,2000,4.023105226498401
1365,113,Female,2089963,South Carolina,2001,5.40679428296099
1366,91,Female,2111069,South Carolina,2002,4.310612301161165
1367,109,Female,2133967,South Carolina,2003,5.10785780661088
1368,94,Female,2162305,South Carolina,2004,4.3472128122535905
1369,94,Female,2192345,South Carolina,2005,4.287646333036087
1370,124,Female,2237655,South Carolina,2006,5.541515559815968
1371,96,Female,2280792,South Carolina,2007,4.209064219797333
1372,77,Female,2325047,South Carolina,2008,3.311761009562387
1373,106,Female,2357030,South Carolina,2009,4.4971850167371645
1374,102,Female,2375263,South Carolina,2010,4.294261309168711
1375,128,Female,2402602,South Carolina,2011,5.32755737321454
1376,130,Female,2426510,South Carolina,2012,5.357488738970785
1377,136,Female,2451720,South Carolina,2013,5.547126099228296
1378,139,Female,2483088,South Carolina,2014,5.59786846056201
1379,154,Female,2517178,South Carolina,2015,6.1179622577346535
1380,150,Female,2553185,South Carolina,2016,5.87501493232962
1381,432,Male,1929076,South Carolina,1999,22.394141029176662
1382,401,Male,1948929,South Carolina,2000,20.575403208634075
1383,443,Male,1975032,South Carolina,2001,22.430016323786145
1384,471,Male,1996726,South Carolina,2002,23.588614562038057
1385,479,Male,2016330,South Carolina,2003,23.756031998730364
1386,471,Male,2048616,South Carolina,2004,22.991131573706348
1387,489,Male,2077805,South Carolina,2005,23.534451019224612
1388,482,Male,2120192,South Carolina,2006,22.733790147307413
1389,484,Male,2163318,South Carolina,2007,22.373039932178255
1390,529,Male,2203949,South Carolina,2008,24.00237029078259
1391,523,Male,2232842,South Carolina,2009,23.423063521735976
1392,539,Male,2250101,South Carolina,2010,23.954480265552526
1393,568,Male,2276628,South Carolina,2011,24.94917922471304
1394,602,Male,2297213,South Carolina,2012,26.205667476198332
1395,593,Male,2323119,South Carolina,2013,25.526027723934938
1396,619,Male,2349394,South Carolina,2014,26.347219751135825
1397,687,Male,2378968,South Carolina,2015,28.878068137108194
1398,732,Male,2407934,South Carolina,2016,30.399504305350565
1399,10,Female,378500,South Dakota,1999,2.642007926023778
1400,10,Female,383633,South Dakota,2003,2.6066579256737556
1401,13,Female,400236,South Dakota,2008,3.248083630657912
1402,10,Female,406799,South Dakota,2010,2.4582164656255303
1403,11,Female,410905,South Dakota,2011,2.6770178021683844
1404,11,Female,415038,South Dakota,2012,2.6503597260973693
1405,17,Female,423862,South Dakota,2014,4.010739344409266
1406,13,Female,426493,South Dakota,2015,3.048115678334697
1407,17,Female,429182,South Dakota,2016,3.9610235284797595
1408,59,Male,371912,South Dakota,1999,15.863967820344598
1409,54,Male,374558,South Dakota,2000,14.416992828880973
1410,47,Male,376435,South Dakota,2001,12.485555275147103
1411,55,Male,377692,South Dakota,2002,14.562129989515268
1412,61,Male,380096,South Dakota,2003,16.048577201549083
1413,66,Male,383719,South Dakota,2004,17.20008652164735
1414,77,Male,386472,South Dakota,2005,19.92382371814776
1415,67,Male,390613,South Dakota,2006,17.152526925627157
1416,45,Male,394973,South Dakota,2007,11.393183837882589
1417,69,Male,398888,South Dakota,2008,17.298088686548603
1418,70,Male,403869,South Dakota,2009,17.33235281737395
1419,62,Male,407381,South Dakota,2010,15.219168296999616
1420,56,Male,413177,South Dakota,2011,13.553513385304601
1421,73,Male,418316,South Dakota,2012,17.450922269289247
1422,70,Male,424378,South Dakota,2013,16.494728755967557
1423,69,Male,429313,South Dakota,2014,16.072189754328427
1424,80,Male,431976,South Dakota,2015,18.519547382261976
1425,86,Male,436272,South Dakota,2016,19.71247295265339
1426,128,Female,2897466,Tennessee,1999,4.417653218363908
1427,132,Female,2919008,Tennessee,2000,4.522084214911367
1428,128,Female,2948421,Tennessee,2001,4.341306753682734
1429,155,Female,2971873,Tennessee,2002,5.215566075670124
1430,142,Female,3000983,Tennessee,2003,4.731782885807751
1431,137,Female,3027931,Tennessee,2004,4.524541675487321
1432,147,Female,3068439,Tennessee,2005,4.79070954319118
1433,150,Female,3121455,Tennessee,2006,4.805451303959211
1434,154,Female,3162280,Tennessee,2007,4.869903993321275
1435,159,Female,3203115,Tennessee,2008,4.963917936134044
1436,121,Female,3231769,Tennessee,2009,3.744079480928247
1437,154,Female,3252601,Tennessee,2010,4.7346723437642675
1438,163,Female,3282422,Tennessee,2011,4.965845342250327
1439,150,Female,3307480,Tennessee,2012,4.535174815871903
1440,161,Female,3328884,Tennessee,2013,4.836455701069788
1441,150,Female,3357172,Tennessee,2014,4.4680463199383285
1442,168,Female,3382838,Tennessee,2015,4.966244319119036
1443,179,Female,3408679,Tennessee,2016,5.251301163881961
1444,702,Male,2741240,Tennessee,1999,25.60884855029111
1445,756,Male,2770275,Tennessee,2000,27.289709505374013
1446,708,Male,2802368,Tennessee,2001,25.264347865804922
1447,735,Male,2824045,Tennessee,2002,26.026497453121323
1448,687,Male,2846829,Tennessee,2003,24.13211330922932
1449,713,Male,2882878,Tennessee,2004,24.73222939021353
1450,812,Male,2922618,Tennessee,2005,27.783309347988688
1451,779,Male,2967311,Tennessee,2006,26.252725110377714
1452,756,Male,3013447,Tennessee,2007,25.08754924178192
1453,803,Male,3044296,Tennessee,2008,26.377198537855715
1454,829,Male,3074250,Tennessee,2009,26.965926648776122
1455,756,Male,3093504,Tennessee,2010,24.43830685203575
1456,764,Male,3120931,Tennessee,2011,24.47987475532141
1457,828,Male,3148763,Tennessee,2012,26.2960406991571
1458,843,Male,3167094,Tennessee,2013,26.617460675306763
1459,819,Male,3192180,Tennessee,2014,25.656447944664773
1460,861,Male,3217461,Tennessee,2015,26.760231126344653
1461,949,Male,3242515,Tennessee,2016,29.267405085250182
1462,332,Female,10360202,Texas,1999,3.204570721690562
1463,359,Female,10498910,Texas,2000,3.4194025856017434
1464,366,Female,10731190,Texas,2001,3.410618952790883
1465,356,Female,10914653,Texas,2002,3.2616703435280994
1466,387,Female,11095953,Texas,2003,3.4877581042385457
1467,377,Female,11278402,Texas,2004,3.3426721267782438
1468,385,Female,11470439,Texas,2005,3.3564539247364467
1469,404,Female,11771243,Texas,2006,3.432092940397203
1470,362,Female,12010572,Texas,2007,3.0140113226913754
1471,411,Female,12249936,Texas,2008,3.3551195696042817
1472,417,Female,12500150,Texas,2009,3.3359599684803785
1473,409,Female,12673281,Texas,2010,3.2272621430867034
1474,426,Female,12932239,Texas,2011,3.2940931574184487
1475,411,Female,13111469,Texas,2012,3.1346601971144503
1476,443,Female,13301191,Texas,2013,3.3305288225693475
1477,484,Female,13574572,Texas,2014,3.5654899469390267
1478,525,Female,13831324,Texas,2015,3.7957320644068497
1479,561,Female,14031164,Texas,2016,3.998242768739643
1480,1752,Male,10198018,Texas,1999,17.179808860898266
1481,1774,Male,10352910,Texas,2000,17.13527887328297
1482,1942,Male,10588432,Texas,2001,18.340770380354712
1483,1901,Male,10775672,Texas,2002,17.641591169441686
1484,1994,Male,10934978,Texas,2003,18.235061835515353
1485,1927,Male,11115621,Texas,2004,17.335963505772643
1486,2067,Male,11307684,Texas,2005,18.279605266648765
1487,1985,Male,11588337,Texas,2006,17.12929128657546
1488,2156,Male,11821411,Texas,2007,18.238093574447248
1489,2147,Male,12059103,Texas,2008,17.803977625864874
1490,2224,Male,12301611,Texas,2009,18.078932913746012
1491,2260,Male,12472280,Texas,2010,18.120183318527165
1492,2127,Male,12742442,Texas,2011,16.69224784385913
1493,2272,Male,12947734,Texas,2012,17.54747201324958
1494,2287,Male,13147002,Texas,2013,17.39560091342498
1495,2310,Male,13382386,Texas,2014,17.261495819953183
1496,2622,Male,13637790,Texas,2015,19.22598896155462
1497,2724,Male,13831432,Texas,2016,19.694273159857925
1498,21,Female,1100167,Utah,1999,1.9088011183756646
1499,27,Female,1114138,Utah,2000,2.4233981786816354
1500,35,Female,1139182,Utah,2001,3.072380006004308
1501,26,Female,1158853,Utah,2002,2.24359776434112
1502,27,Female,1175867,Utah,2003,2.296178054150682
1503,25,Female,1196749,Utah,2004,2.088992762893472
1504,26,Female,1224741,Utah,2005,2.122897820845387
1505,35,Female,1257991,Utah,2006,2.7822138632152376
1506,38,Female,1292672,Utah,2007,2.93964748985048
1507,30,Female,1325631,Utah,2008,2.2630732081552107
1508,39,Female,1355509,Utah,2009,2.8771479938532316
1509,42,Female,1375568,Utah,2010,3.0532841706117035
1510,52,Female,1401715,Utah,2011,3.7097412812162243
1511,36,Female,1419427,Utah,2012,2.536234691886233
1512,48,Female,1441891,Utah,2013,3.3289617592453244
1513,48,Female,1463152,Utah,2014,3.2805887563288025
1514,48,Female,1488819,Utah,2015,3.224031934036307
1515,54,Female,1515323,Utah,2016,3.5635966721286483
1516,163,Male,1103315,Utah,1999,14.773659381047118
1517,164,Male,1119031,Utah,2000,14.655536799248635
1518,191,Male,1144533,Utah,2001,16.688029091341186
1519,175,Male,1165962,Utah,2002,15.00906547554723
1520,196,Male,1184270,Utah,2003,16.550279919275166
1521,192,Male,1204831,Utah,2004,15.935844944228693
1522,198,Male,1232978,Utah,2005,16.058680690166412
1523,185,Male,1267516,Utah,2006,14.595476506805438
1524,202,Male,1305074,Utah,2007,15.478049520563586
1525,195,Male,1337398,Utah,2008,14.580551189698204
1526,210,Male,1367912,Utah,2009,15.351864739837065
1527,264,Male,1388317,Utah,2010,19.015829958143563
1528,244,Male,1415507,Utah,2011,17.237639941024664
1529,278,Male,1435860,Utah,2012,19.361219060354074
1530,282,Male,1458981,Utah,2013,19.328558768071687
1531,273,Male,1479750,Utah,2014,18.449062341611757
1532,310,Male,1507100,Utah,2015,20.569305288302036
1533,306,Male,1535894,Utah,2016,19.923249911777766
1534,10,Female,308398,Vermont,1999,3.2425631813435882
1535,10,Female,317535,Vermont,2010,3.1492591367880705
1536,14,Female,317442,Vermont,2013,4.410254471683016
1537,46,Male,296285,Vermont,1999,15.52559191319169
1538,49,Male,298337,Vermont,2000,16.424379141708872
1539,46,Male,300444,Vermont,2001,15.310673536499316
1540,54,Male,302483,Vermont,2002,17.85224293596665
1541,44,Male,303652,Vermont,2003,14.490271758460342
1542,57,Male,304840,Vermont,2004,18.698333552027293
1543,37,Male,305793,Vermont,2005,12.099688351270304
1544,44,Male,306602,Vermont,2006,14.350852244929909
1545,45,Male,306943,Vermont,2007,14.660702475703959
1546,48,Male,307429,Vermont,2008,15.61336113379024
1547,53,Male,307689,Vermont,2009,17.225185170740584
1548,59,Male,308206,Vermont,2010,19.143040693562096
1549,69,Male,308850,Vermont,2011,22.340942204953862
1550,53,Male,308778,Vermont,2012,17.16443529007896
1551,49,Male,309188,Vermont,2013,15.847963051606143
1552,60,Male,308849,Vermont,2014,19.426969166162106
1553,63,Male,308526,Vermont,2015,20.41967289628751
1554,71,Male,308466,Vermont,2016,23.01712344310232
1555,127,Female,3569683,Virginia,1999,3.5577388804552115
1556,137,Female,3606620,Virginia,2000,3.7985704066411214
1557,128,Female,3665386,Virginia,2001,3.4921287962577474
1558,126,Female,3713695,Virginia,2002,3.392847285520216
1559,117,Female,3757780,Virginia,2003,3.113540441430845
1560,132,Female,3814310,Virginia,2004,3.460652123188729
1561,125,Female,3863646,Virginia,2005,3.2352860484630317
1562,128,Female,3908475,Virginia,2006,3.274934597253404
1563,130,Female,3947966,Virginia,2007,3.2928348420427125
1564,106,Female,3988983,Virginia,2008,2.657318920637165
1565,120,Female,4037895,Virginia,2009,2.9718454788943247
1566,126,Female,4075041,Virginia,2010,3.0919934302501493
1567,140,Female,4120439,Virginia,2011,3.397696216349763
1568,104,Female,4164342,Virginia,2012,2.4973933456954303
1569,137,Female,4198203,Virginia,2013,3.263300988542002
1570,138,Female,4231045,Virginia,2014,3.261605584435996
1571,146,Female,4258228,Virginia,2015,3.4286562391680295
1572,162,Female,4274994,Virginia,2016,3.789479002777548
1573,680,Male,3430491,Virginia,1999,19.822235359311538
1574,646,Male,3471895,Virginia,2000,18.606553481600105
1575,627,Male,3532976,Virginia,2001,17.747077817681184
1576,669,Male,3573178,Virginia,2002,18.722828809535937
1577,683,Male,3609197,Virginia,2003,18.923876973188218
1578,673,Male,3661265,Virginia,2004,18.381624930181236
1579,745,Male,3713459,Virginia,2005,20.062157681019233
1580,668,Male,3765250,Virginia,2006,17.741185844233453
1581,675,Male,3803034,Virginia,2007,17.748986730068676
1582,680,Male,3844513,Virginia,2008,17.687545860815142
1583,692,Male,3888042,Virginia,2009,17.79816164537317
1584,734,Male,3925983,Virginia,2010,18.695954618244656
1585,706,Male,3976165,Virginia,2011,17.755802387476376
1586,718,Male,4021525,Virginia,2012,17.853923573768657
1587,707,Male,4062202,Virginia,2013,17.404353599353257
1588,735,Male,4095244,Virginia,2014,17.94764854059978
1589,774,Male,4124765,Virginia,2015,18.76470538321577
1590,871,Male,4136814,Virginia,2016,21.0548504235385
1591,82,Female,2934901,Washington,1999,2.7939613636030654
1592,76,Female,2959821,Washington,2000,2.5677228454017995
1593,88,Female,3002080,Washington,2001,2.931300964664499
1594,72,Female,3036742,Washington,2002,2.370962037604775
1595,79,Female,3065739,Washington,2003,2.5768664586254735
1596,90,Female,3107815,Washington,2004,2.895925272257197
1597,69,Female,3145396,Washington,2005,2.193682448887199
1598,61,Female,3200695,Washington,2006,1.9058360762271944
1599,65,Female,3247800,Washington,2007,2.0013547632243367
1600,66,Female,3293162,Washington,2008,2.004152847627903
1601,97,Female,3343920,Washington,2009,2.90078710016986
1602,99,Female,3374833,Washington,2010,2.9334784861947245
1603,93,Female,3420356,Washington,2011,2.7190152136210384
1604,95,Female,3455462,Washington,2012,2.749270575106889
1605,90,Female,3488736,Washington,2013,2.5797308824743403
1606,105,Female,3531595,Washington,2014,2.9731608522494795
1607,130,Female,3585353,Washington,2015,3.6258633389794537
1608,96,Female,3646600,Washington,2016,2.6325892612296387
1609,488,Male,2907663,Washington,1999,16.78323794745127
1610,434,Male,2934300,Washington,2000,14.790580376921241
1611,413,Male,2983642,Washington,2001,13.842143259814682
1612,484,Male,3015607,Washington,2002,16.04983673270423
1613,474,Male,3038376,Washington,2003,15.60043918198406
1614,467,Male,3070830,Washington,2004,15.207614879364861
1615,480,Male,3111909,Washington,2005,15.424615565557989
1616,468,Male,3170058,Washington,2006,14.76313682588773
1617,475,Male,3213787,Washington,2007,14.780070987903057
1618,509,Male,3269069,Washington,2008,15.570182213957553
1619,495,Male,3323506,Washington,2009,14.893910226128673
1620,488,Male,3349707,Washington,2010,14.568438373863744
1621,496,Male,3409682,Washington,2011,14.546811110244299
1622,568,Male,3441550,Washington,2012,16.504191425375193
1623,520,Male,3482670,Washington,2013,14.931072998590164
1624,570,Male,3529935,Washington,2014,16.147606117393096
1625,571,Male,3584998,Washington,2015,15.927484478373488
1626,567,Male,3641400,Washington,2016,15.570934256055363
1627,35,Female,931809,West Virginia,1999,3.756134572643106
1628,35,Female,929174,West Virginia,2000,3.7667864146004946
1629,36,Female,923643,West Virginia,2001,3.8976097907957947
1630,32,Female,923841,West Virginia,2002,3.4637995066250578
1631,40,Female,925835,West Virginia,2003,4.320424265662888
1632,37,Female,927027,West Virginia,2004,3.991253760677952
1633,45,Female,927690,West Virginia,2005,4.850758335219739
1634,53,Female,930605,West Virginia,2006,5.695219776382031
1635,34,Female,932683,West Virginia,2007,3.645397203551475
1636,44,Female,934911,West Virginia,2008,4.706330335186985
1637,38,Female,937434,West Virginia,2009,4.053618708090383
1638,35,Female,939408,West Virginia,2010,3.725750685538126
1639,51,Female,940283,West Virginia,2011,5.4238989750957955
1640,51,Female,940008,West Virginia,2012,5.425485740546889
1641,29,Female,938728,West Virginia,2013,3.089286779557017
1642,52,Female,936411,West Virginia,2014,5.553117167568514
1643,41,Female,933068,West Virginia,2015,4.394106324512254
1644,51,Female,925159,West Virginia,2016,5.512565948123512
1645,207,Male,879990,West Virginia,1999,23.522994579483857
1646,200,Male,879170,West Virginia,2000,22.74872891477189
1647,209,Male,877838,West Virginia,2001,23.808493138825156
1648,234,Male,881573,West Virginia,2002,26.54346265141968
1649,221,Male,886460,West Virginia,2003,24.93062292714843
1650,212,Male,889411,West Virginia,2004,23.835999329893603
1651,213,Male,892802,West Virginia,2005,23.857473437559502
1652,196,Male,897307,West Virginia,2006,21.843137298605715
1653,230,Male,901369,West Virginia,2007,25.516741756150925
1654,191,Male,905399,West Virginia,2008,21.095671632064978
1655,213,Male,910341,West Virginia,2009,23.397825649948757
1656,232,Male,913586,West Virginia,2010,25.39443467828973
1657,219,Male,915081,West Virginia,2011,23.932307631783416
1658,215,Male,915405,West Virginia,2012,23.48687193100322
1659,241,Male,915576,West Virginia,2013,26.322227756079236
1660,224,Male,913915,West Virginia,2014,24.509938013929084
1661,224,Male,911060,West Virginia,2015,24.586745110091538
1662,268,Male,905943,West Virginia,2016,29.582435098013892
1663,47,Female,2701525,Wisconsin,1999,1.739758099591897
1664,50,Female,2714634,Wisconsin,2000,1.8418689222930236
1665,45,Female,2733647,Wisconsin,2001,1.6461525573711604
1666,52,Female,2751697,Wisconsin,2002,1.889742947715537
1667,54,Female,2766901,Wisconsin,2003,1.9516419271958052
1668,55,Female,2782678,Wisconsin,2004,1.9765132724663075
1669,45,Female,2797061,Wisconsin,2005,1.608831555693637
1670,46,Female,2812276,Wisconsin,2006,1.6356858288446794
1671,70,Female,2827782,Wisconsin,2007,2.4754383470861616
1672,62,Female,2842268,Wisconsin,2008,2.1813565786196096
1673,68,Female,2856103,Wisconsin,2009,2.3808665163686324
1674,49,Female,2864586,Wisconsin,2010,1.7105438621846227
1675,51,Female,2875675,Wisconsin,2011,1.7734966573065456
1676,42,Female,2883326,Wisconsin,2012,1.4566511036213041
1677,62,Female,2890553,Wisconsin,2013,2.144918290721533
1678,63,Female,2898057,Wisconsin,2014,2.173870286195199
1679,70,Female,2903737,Wisconsin,2015,2.4106866427641345
1680,81,Female,2905282,Wisconsin,2016,2.7880253965019572
1681,395,Male,2631141,Wisconsin,1999,15.012498379980395
1682,379,Male,2649041,Wisconsin,2000,14.307064330072658
1683,421,Male,2673188,Wisconsin,2001,15.748985855091373
1684,386,Male,2693465,Wisconsin,2002,14.33098258191586
1685,407,Male,2712302,Wisconsin,2003,15.005703642146045
1686,352,Male,2731348,Wisconsin,2004,12.88740944032031
1687,423,Male,2749105,Wisconsin,2005,15.38682589424558
1688,368,Male,2765379,Wisconsin,2006,13.307398371073187
1689,408,Male,2782993,Wisconsin,2007,14.660475250925892
1690,371,Male,2798728,Wisconsin,2008,13.256022021432594
1691,381,Male,2813161,Wisconsin,2009,13.543483647043308
1692,439,Male,2822400,Wisconsin,2010,15.554138321995463
1693,390,Male,2836092,Wisconsin,2011,13.751316953046656
1694,433,Male,2843072,Wisconsin,2012,15.230004727280914
1695,500,Male,2852160,Wisconsin,2013,17.530573319869852
1696,416,Male,2859507,Wisconsin,2014,14.547962288604294
1697,537,Male,2867600,Wisconsin,2015,18.72646115218301
1698,568,Male,2873426,Wisconsin,2016,19.767343930207353
1699,11,Female,244518,Wyoming,1999,4.498646316426603
1700,11,Female,245408,Wyoming,2000,4.482331464336941
1701,14,Female,247785,Wyoming,2002,5.650059527412878
1702,17,Female,253726,Wyoming,2005,6.700141097088985
1703,10,Female,257361,Wyoming,2006,3.8855926111570906
1704,12,Female,267982,Wyoming,2008,4.4779126956288104
1705,13,Female,274046,Wyoming,2009,4.743729154959386
1706,16,Female,276189,Wyoming,2010,5.793134411580476
1707,13,Female,278401,Wyoming,2011,4.66952345717149
1708,14,Female,282131,Wyoming,2012,4.9622338559038175
1709,14,Female,285380,Wyoming,2013,4.905739715467097
1710,17,Female,286111,Wyoming,2014,5.941749880291216
1711,17,Female,287206,Wyoming,2015,5.919096397707569
1712,16,Female,286559,Wyoming,2016,5.583492404705488
1713,61,Male,247262,Wyoming,1999,24.670187897857335
1714,47,Male,248374,Wyoming,2000,18.923075684250367
1715,61,Male,249330,Wyoming,2001,24.465567721493603
1716,80,Male,252232,Wyoming,2002,31.716832122807578
1717,81,Male,254325,Wyoming,2003,31.849012090828662
1718,47,Male,257600,Wyoming,2004,18.24534161490683
1719,54,Male,260431,Wyoming,2005,20.734858753374215
1720,69,Male,265306,Wyoming,2006,26.00770431124814
1721,66,Male,272100,Wyoming,2007,24.255788313120174
1722,79,Male,278061,Wyoming,2008,28.411032111658955
1723,83,Male,285805,Wyoming,2009,29.040779552492086
1724,76,Male,287437,Wyoming,2010,26.440576543729584
1725,83,Male,289757,Wyoming,2011,28.64469193151503
1726,101,Male,294281,Wyoming,2012,34.32093815095096
1727,86,Male,297278,Wyoming,2013,28.929150492131946
1728,73,Male,298042,Wyoming,2014,24.49319223465149
1729,95,Male,298901,Wyoming,2015,31.783098751760615
1730,84,Male,298942,Wyoming,2016,28.09909614574065
1731,4095,Female,140074600,National,1999,2.923442222929782
1732,3996,Female,140177183,National,2000,2.8506779166763536
1733,3990,Female,139044563,National,2001,2.8695836168725273
1734,4045,Female,143152716,National,2002,2.8256536886104207
1735,3902,Female,144247541,National,2003,2.7050721093401515
1736,3964,Female,145855931,National,2004,2.7177502984091886
1737,3951,Female,147660663,National,2005,2.6757295543228055
1738,4081,Female,148722206,National,2006,2.744042137190999
1739,4082,Female,150662279,National,2007,2.7093709368354904
1740,4159,Female,151988691,National,2008,2.7363878013792484
1741,4319,Female,152924613,National,2009,2.824267405535301
1742,4230,Female,154627764,National,2010,2.7356018677215044
1743,4514,Female,156092020,National,2011,2.8918839028414136
1744,4641,Female,157539094,National,2012,2.9459354387298937
1745,4725,Female,156157032,National,2013,3.0258003366764807
1746,4771,Female,159514196,National,2014,2.990956366040299
1747,5107,Female,161267800,National,2015,3.16678220946773
1748,5547,Female,162831177,National,2016,3.406595777416754
1749,24130,Male,136802873,National,1999,17.638518454214044
1750,24131,Male,138053563,National,2000,17.47944745185606
1751,24980,Male,139891492,National,2001,17.856697103495044
1752,25611,Male,141230559,National,2002,18.134177320646305
1753,25609,Male,142428897,National,2003,17.980199621991034
1754,25017,Male,143828012,National,2004,17.39369101479342
1755,26160,Male,145197078,National,2005,18.01689149694872
1756,26187,Male,146647265,National,2006,17.85713494213479
1757,26485,Male,148064854,National,2007,17.8874319492457
1758,26802,Male,149489951,National,2008,17.928964335535838
1759,26419,Male,150807454,National,2009,17.51836484156811
1760,26817,Male,151781326,National,2010,17.668181394066885
1761,27101,Male,153290819,National,2011,17.679467157129615
1762,28182,Male,154492067,National,2012,18.241713343119425
1763,28126,Male,155651602,National,2013,18.069842930367013
1764,28058,Male,156936487,National,2014,17.878570201459905
1765,30352,Male,158229297,National,2015,19.182288347018314
1766,32284,Male,159078923,National,2016,20.294328997940223
